customer_id,account_id,disruption_id,service_type,disruption_reason,severity,event_date,resolution_date,impact_on_charges
CUST-7082,ACC-7082,SD-GEN-2027F6,VOICE,Core routing misconfiguration,LOW,2026-09-08T11:26:54Z,2026-09-10T07:35:54Z,VOICE disruption due to Core routing misconfiguration. Customer CUST-7082 billed VOICE charge of $34.78 (charge CHG-GEN-8D4E00) during outage window.
CUST-7101,ACC-7101,SD-GEN-89835D,DATA,Fiber cut — third-party contractor,CRITICAL,2026-08-31T03:59:54Z,2026-08-31T12:05:54Z,DATA disruption due to Fiber cut — third-party contractor. Customer CUST-7101 billed DATA charge of $82.14 (charge CHG-GEN-AD5AA4) during outage window.
CUST-2001,ACC-2001,SD-GEN-D02637,VOICE,Scheduled maintenance overran,LOW,2026-08-30T20:07:54Z,2026-08-30T22:19:54Z,VOICE disruption due to Scheduled maintenance overran. Customer CUST-2001 billed VOICE charge of $110.34 (charge CHG-GEN-F8B4DD) during outage window.
CUST-9072,ACC-9072,SD-GEN-CEF1A5,FIBER_BROADBAND,Scheduled maintenance overran,LOW,2026-09-02T06:20:54Z,2026-09-03T01:36:54Z,FIBER_BROADBAND disruption due to Scheduled maintenance overran. Customer CUST-9072 billed PLAN charge of $54.51 (charge CHG-GEN-3776A1) during outage window.
CUST-4797,ACC-4797,SD-GEN-B496B4,DATA,Scheduled maintenance overran,CRITICAL,2026-08-28T00:32:54Z,2026-08-28T17:45:54Z,DATA disruption due to Scheduled maintenance overran. Customer CUST-4797 billed DATA charge of $127.22 (charge CHG-GEN-56FBDE) during outage window.
CUST-6462,ACC-6462,SD-GEN-1DEE89,DATA,Scheduled maintenance overran,MEDIUM,2026-08-28T09:11:54Z,2026-08-29T00:55:54Z,DATA disruption due to Scheduled maintenance overran. Customer CUST-6462 billed DATA charge of $31.32 (charge CHG-GEN-569876) during outage window.
CUST-3715,ACC-3715,SD-GEN-18806A,FIBER_BROADBAND,Regional switch failover incomplete,MEDIUM,2026-08-31T08:38:54Z,2026-08-31T18:39:54Z,FIBER_BROADBAND disruption due to Regional switch failover incomplete. Customer CUST-3715 billed PLAN charge of $47.81 (charge CHG-GEN-00F4B4) during outage window.
CUST-9600,ACC-9600,SD-GEN-60AD58,FIBER_BROADBAND,Regional switch failover incomplete,MEDIUM,2026-09-05T20:34:54Z,2026-09-06T04:03:54Z,FIBER_BROADBAND disruption due to Regional switch failover incomplete. Customer CUST-9600 billed PLAN charge of $118.6 (charge CHG-GEN-618C4B) during outage window.
CUST-7595,ACC-7595,SD-GEN-E51327,VOICE,Scheduled maintenance overran,LOW,2026-09-12T00:29:54Z,2026-09-13T23:10:54Z,VOICE disruption due to Scheduled maintenance overran. Customer CUST-7595 billed VOICE charge of $51.89 (charge CHG-GEN-B09C3B) during outage window.
CUST-9682,ACC-9682,SD-GEN-660760,DATA,Core routing misconfiguration,LOW,2026-09-09T22:33:54Z,2026-09-11T12:16:54Z,DATA disruption due to Core routing misconfiguration. Customer CUST-9682 billed DATA charge of $79.26 (charge CHG-GEN-40A108) during outage window.
CUST-2504,ACC-2504,SD-GEN-334196,VOICE,Regional switch failover incomplete,MEDIUM,2026-08-30T06:05:54Z,2026-08-30T12:31:54Z,VOICE disruption due to Regional switch failover incomplete. Customer CUST-2504 billed VOICE charge of $113.23 (charge CHG-GEN-05D53E) during outage window.
CUST-8410,ACC-8410,SD-GEN-56D41B,DATA,Core routing misconfiguration,HIGH,2026-09-09T15:24:54Z,2026-09-11T08:12:54Z,DATA disruption due to Core routing misconfiguration. Customer CUST-8410 billed DATA charge of $49.71 (charge CHG-GEN-F3B1EA) during outage window.
CUST-2803,ACC-2803,SD-GEN-687F49,FIBER_BROADBAND,Regional switch failover incomplete,CRITICAL,2026-08-31T19:11:54Z,2026-09-02T00:29:54Z,FIBER_BROADBAND disruption due to Regional switch failover incomplete. Customer CUST-2803 billed PLAN charge of $101.62 (charge CHG-GEN-8A924E) during outage window.
CUST-2219,ACC-2219,SD-GEN-D8A412,FIBER_BROADBAND,Fiber cut — third-party contractor,CRITICAL,2026-09-13T17:35:54Z,2026-09-13T20:15:54Z,FIBER_BROADBAND disruption due to Fiber cut — third-party contractor. Customer CUST-2219 billed PLAN charge of $57.68 (charge CHG-GEN-EEFE71) during outage window.
CUST-2613,ACC-2613,SD-GEN-74679A,VOICE,Regional switch failover incomplete,HIGH,2026-09-06T22:04:54Z,2026-09-07T00:36:54Z,VOICE disruption due to Regional switch failover incomplete. Customer CUST-2613 billed VOICE charge of $55.74 (charge CHG-GEN-9C925D) during outage window.
CUST-8373,ACC-8373,SD-GEN-2EF63C,DATA,Regional switch failover incomplete,LOW,2026-09-05T23:08:54Z,2026-09-06T06:01:54Z,DATA disruption due to Regional switch failover incomplete. Customer CUST-8373 billed DATA charge of $142.87 (charge CHG-GEN-55CA63) during outage window.
CUST-2981,ACC-2981,SD-GEN-2FBAD1,VOICE,Regional switch failover incomplete,HIGH,2026-09-17T00:26:54Z,2026-09-17T15:51:54Z,VOICE disruption due to Regional switch failover incomplete. Customer CUST-2981 billed VOICE charge of $176.48 (charge CHG-GEN-679AED) during outage window.
CUST-6496,ACC-6496,SD-GEN-17E4A1,VOICE,Fiber cut — third-party contractor,MEDIUM,2026-09-11T17:48:54Z,2026-09-12T10:10:54Z,VOICE disruption due to Fiber cut — third-party contractor. Customer CUST-6496 billed VOICE charge of $174.24 (charge CHG-GEN-AD15E0) during outage window.
CUST-9082,ACC-9082,SD-GEN-BE34BC,VOICE,Fiber cut — third-party contractor,CRITICAL,2026-09-08T00:13:54Z,2026-09-09T11:12:54Z,VOICE disruption due to Fiber cut — third-party contractor. Customer CUST-9082 billed VOICE charge of $38.63 (charge CHG-GEN-799C55) during outage window.
CUST-9236,ACC-9236,SD-GEN-948B1D,FIBER_BROADBAND,Fiber cut — third-party contractor,HIGH,2026-09-08T08:09:54Z,2026-09-10T01:44:54Z,FIBER_BROADBAND disruption due to Fiber cut — third-party contractor. Customer CUST-9236 billed PLAN charge of $175.83 (charge CHG-GEN-A2737A) during outage window.
CUST-6354,ACC-6354,SD-GEN-63FF60,VOICE,Regional switch failover incomplete,MEDIUM,2026-09-08T22:50:54Z,2026-09-09T01:08:54Z,VOICE disruption due to Regional switch failover incomplete. Customer CUST-6354 billed VOICE charge of $165.43 (charge CHG-GEN-B29FF0) during outage window.
CUST-2343,ACC-2343,SD-GEN-13A8A1,FIBER_BROADBAND,Core routing misconfiguration,CRITICAL,2026-08-27T17:50:54Z,2026-08-29T08:38:54Z,FIBER_BROADBAND disruption due to Core routing misconfiguration. Customer CUST-2343 billed PLAN charge of $137.29 (charge CHG-GEN-65E976) during outage window.
CUST-4440,ACC-4440,SD-GEN-414086,FIBER_BROADBAND,Core routing misconfiguration,LOW,2026-09-05T17:47:54Z,2026-09-06T07:51:54Z,FIBER_BROADBAND disruption due to Core routing misconfiguration. Customer CUST-4440 billed PLAN charge of $106.11 (charge CHG-GEN-56DE6C) during outage window.
CUST-9950,ACC-9950,SD-GEN-2980A0,DATA,Regional switch failover incomplete,HIGH,2026-09-02T11:54:54Z,2026-09-04T08:45:54Z,DATA disruption due to Regional switch failover incomplete. Customer CUST-9950 billed DATA charge of $132.16 (charge CHG-GEN-E9003F) during outage window.
CUST-5436,ACC-5436,SD-GEN-25C849,DATA,Scheduled maintenance overran,CRITICAL,2026-09-04T21:48:54Z,2026-09-06T11:30:54Z,DATA disruption due to Scheduled maintenance overran. Customer CUST-5436 billed DATA charge of $156.94 (charge CHG-GEN-789AAB) during outage window.
CUST-9378,ACC-9378,SD-GEN-5E6785,FIBER_BROADBAND,Scheduled maintenance overran,CRITICAL,2026-09-02T23:46:54Z,2026-09-04T04:54:54Z,FIBER_BROADBAND disruption due to Scheduled maintenance overran. Customer CUST-9378 billed PLAN charge of $48.79 (charge CHG-GEN-C60F9D) during outage window.
CUST-3724,ACC-3724,SD-GEN-9E9913,FIBER_BROADBAND,Regional switch failover incomplete,CRITICAL,2026-09-01T11:48:54Z,2026-09-02T03:20:54Z,FIBER_BROADBAND disruption due to Regional switch failover incomplete. Customer CUST-3724 billed PLAN charge of $115.83 (charge CHG-GEN-C54010) during outage window.
CUST-9353,ACC-9353,SD-GEN-AC7DD4,FIBER_BROADBAND,Core routing misconfiguration,LOW,2026-09-01T11:47:54Z,2026-09-02T18:56:54Z,FIBER_BROADBAND disruption due to Core routing misconfiguration. Customer CUST-9353 billed PLAN charge of $94.58 (charge CHG-GEN-6AD757) during outage window.
CUST-7621,ACC-7621,SD-GEN-9F9F4E,VOICE,Core routing misconfiguration,LOW,2026-09-08T19:19:54Z,2026-09-10T12:02:54Z,VOICE disruption due to Core routing misconfiguration. Customer CUST-7621 billed VOICE charge of $157.3 (charge CHG-GEN-E4F925) during outage window.
CUST-3352,ACC-3352,SD-GEN-76B3BF,VOICE,Scheduled maintenance overran,LOW,2026-09-07T06:03:54Z,2026-09-08T01:32:54Z,VOICE disruption due to Scheduled maintenance overran. Customer CUST-3352 billed VOICE charge of $139.62 (charge CHG-GEN-BABFF7) during outage window.
CUST-5169,ACC-5169,SD-GEN-1E4B37,DATA,Core routing misconfiguration,LOW,2026-09-16T17:12:54Z,2026-09-16T18:08:54Z,DATA disruption due to Core routing misconfiguration. Customer CUST-5169 billed DATA charge of $62.75 (charge CHG-GEN-8323E9) during outage window.
CUST-9795,ACC-9795,SD-GEN-BA549C,DATA,Core routing misconfiguration,CRITICAL,2026-08-29T06:11:54Z,2026-08-29T17:34:54Z,DATA disruption due to Core routing misconfiguration. Customer CUST-9795 billed DATA charge of $99.43 (charge CHG-GEN-9BCB44) during outage window.
CUST-4743,ACC-4743,SD-GEN-2306F2,DATA,Fiber cut — third-party contractor,MEDIUM,2026-09-13T16:17:54Z,2026-09-14T21:38:54Z,DATA disruption due to Fiber cut — third-party contractor. Customer CUST-4743 billed DATA charge of $127.23 (charge CHG-GEN-70E04F) during outage window.
CUST-7556,ACC-7556,SD-GEN-2C229D,VOICE,Scheduled maintenance overran,HIGH,2026-09-01T12:41:54Z,2026-09-02T12:24:54Z,VOICE disruption due to Scheduled maintenance overran. Customer CUST-7556 billed VOICE charge of $92.24 (charge CHG-GEN-704702) during outage window.
CUST-5498,ACC-5498,SD-GEN-48D900,VOICE,Fiber cut — third-party contractor,CRITICAL,2026-09-07T17:23:54Z,2026-09-08T12:51:54Z,VOICE disruption due to Fiber cut — third-party contractor. Customer CUST-5498 billed VOICE charge of $73.79 (charge CHG-GEN-8C5C57) during outage window.
CUST-9514,ACC-9514,SD-GEN-802A49,FIBER_BROADBAND,Fiber cut — third-party contractor,LOW,2026-09-10T19:50:54Z,2026-09-11T06:56:54Z,FIBER_BROADBAND disruption due to Fiber cut — third-party contractor. Customer CUST-9514 billed PLAN charge of $160.56 (charge CHG-GEN-DCC5ED) during outage window.
CUST-9317,ACC-9317,SD-GEN-CEA8F4,FIBER_BROADBAND,Scheduled maintenance overran,LOW,2026-09-04T04:49:54Z,2026-09-04T20:00:54Z,FIBER_BROADBAND disruption due to Scheduled maintenance overran. Customer CUST-9317 billed PLAN charge of $136.88 (charge CHG-GEN-07828B) during outage window.
CUST-6887,ACC-6887,SD-GEN-36A711,FIBER_BROADBAND,Core routing misconfiguration,HIGH,2026-09-06T18:14:54Z,2026-09-07T17:42:54Z,FIBER_BROADBAND disruption due to Core routing misconfiguration. Customer CUST-6887 billed PLAN charge of $130.75 (charge CHG-GEN-91C658) during outage window.
CUST-7690,ACC-7690,SD-GEN-A15F1A,FIBER_BROADBAND,Regional switch failover incomplete,MEDIUM,2026-09-10T09:14:54Z,2026-09-10T16:42:54Z,FIBER_BROADBAND disruption due to Regional switch failover incomplete. Customer CUST-7690 billed PLAN charge of $68.93 (charge CHG-GEN-7BBDE5) during outage window.
CUST-4561,ACC-4561,SD-GEN-4FF8AC,FIBER_BROADBAND,Regional switch failover incomplete,HIGH,2026-09-01T14:35:54Z,2026-09-01T21:24:54Z,FIBER_BROADBAND disruption due to Regional switch failover incomplete. Customer CUST-4561 billed PLAN charge of $164.31 (charge CHG-GEN-617CB9) during outage window.
CUST-7289,ACC-7289,SD-GEN-13E90A,VOICE,Regional switch failover incomplete,CRITICAL,2026-09-13T07:50:54Z,2026-09-14T10:16:54Z,VOICE disruption due to Regional switch failover incomplete. Customer CUST-7289 billed VOICE charge of $73.19 (charge CHG-GEN-14FBF7) during outage window.
CUST-6876,ACC-6876,SD-GEN-2CFB67,VOICE,Fiber cut — third-party contractor,MEDIUM,2026-09-06T04:07:54Z,2026-09-06T11:13:54Z,VOICE disruption due to Fiber cut — third-party contractor. Customer CUST-6876 billed VOICE charge of $85.67 (charge CHG-GEN-868C84) during outage window.
CUST-8009,ACC-8009,SD-GEN-10DCB7,DATA,Core routing misconfiguration,HIGH,2026-09-04T21:10:54Z,2026-09-05T22:10:54Z,DATA disruption due to Core routing misconfiguration. Customer CUST-8009 billed DATA charge of $101.35 (charge CHG-GEN-985C29) during outage window.
CUST-5384,ACC-5384,SD-GEN-A50DAE,VOICE,Scheduled maintenance overran,CRITICAL,2026-09-14T19:37:54Z,2026-09-15T19:35:54Z,VOICE disruption due to Scheduled maintenance overran. Customer CUST-5384 billed VOICE charge of $104.61 (charge CHG-GEN-9BABC0) during outage window.
CUST-7153,ACC-7153,SD-GEN-73E5C7,DATA,Scheduled maintenance overran,MEDIUM,2026-09-04T02:23:54Z,2026-09-05T20:05:54Z,DATA disruption due to Scheduled maintenance overran. Customer CUST-7153 billed DATA charge of $145.0 (charge CHG-GEN-450A6A) during outage window.
CUST-9059,ACC-9059,SD-GEN-506C17,FIBER_BROADBAND,Fiber cut — third-party contractor,CRITICAL,2026-09-09T11:00:54Z,2026-09-10T05:33:54Z,FIBER_BROADBAND disruption due to Fiber cut — third-party contractor. Customer CUST-9059 billed PLAN charge of $121.66 (charge CHG-GEN-5FB8C6) during outage window.
CUST-5505,ACC-5505,SD-GEN-DB9A18,VOICE,Regional switch failover incomplete,MEDIUM,2026-09-14T15:09:54Z,2026-09-14T18:36:54Z,VOICE disruption due to Regional switch failover incomplete. Customer CUST-5505 billed VOICE charge of $30.92 (charge CHG-GEN-FC04E9) during outage window.
CUST-4948,ACC-4948,SD-GEN-96B328,FIBER_BROADBAND,Regional switch failover incomplete,CRITICAL,2026-08-27T06:03:54Z,2026-08-28T13:54:54Z,FIBER_BROADBAND disruption due to Regional switch failover incomplete. Customer CUST-4948 billed PLAN charge of $134.6 (charge CHG-GEN-87B8D3) during outage window.
CUST-3308,ACC-3308,SD-GEN-B03B7C,DATA,Scheduled maintenance overran,CRITICAL,2026-09-14T20:54:54Z,2026-09-16T10:00:54Z,DATA disruption due to Scheduled maintenance overran. Customer CUST-3308 billed DATA charge of $76.08 (charge CHG-GEN-5B57C5) during outage window.
CUST-5731,ACC-5731,SD-GEN-A07CBC,VOICE,Regional switch failover incomplete,MEDIUM,2026-09-03T01:36:54Z,2026-09-03T10:37:54Z,VOICE disruption due to Regional switch failover incomplete. Customer CUST-5731 billed VOICE charge of $83.24 (charge CHG-GEN-A416E4) during outage window.
CUST-2467,ACC-2467,SD-GEN-B07B6D,FIBER_BROADBAND,Scheduled maintenance overran,MEDIUM,2026-08-29T19:42:54Z,2026-08-30T22:02:54Z,FIBER_BROADBAND disruption due to Scheduled maintenance overran. Customer CUST-2467 billed PLAN charge of $117.94 (charge CHG-GEN-831951) during outage window.
CUST-9373,ACC-9373,SD-GEN-08CFE5,FIBER_BROADBAND,Fiber cut — third-party contractor,MEDIUM,2026-08-31T14:05:54Z,2026-08-31T19:57:54Z,FIBER_BROADBAND disruption due to Fiber cut — third-party contractor. Customer CUST-9373 billed PLAN charge of $103.5 (charge CHG-GEN-5E5C73) during outage window.
CUST-2418,ACC-2418,SD-GEN-62C5D0,FIBER_BROADBAND,Regional switch failover incomplete,LOW,2026-09-03T23:25:54Z,2026-09-05T13:36:54Z,FIBER_BROADBAND disruption due to Regional switch failover incomplete. Customer CUST-2418 billed PLAN charge of $169.91 (charge CHG-GEN-5C82B9) during outage window.
CUST-6640,ACC-6640,SD-GEN-2EAAD4,DATA,Regional switch failover incomplete,CRITICAL,2026-09-08T19:44:54Z,2026-09-09T16:14:54Z,DATA disruption due to Regional switch failover incomplete. Customer CUST-6640 billed DATA charge of $110.87 (charge CHG-GEN-557C16) during outage window.
CUST-3878,ACC-3878,SD-GEN-895DB3,FIBER_BROADBAND,Fiber cut — third-party contractor,CRITICAL,2026-09-13T05:58:54Z,2026-09-15T01:22:54Z,FIBER_BROADBAND disruption due to Fiber cut — third-party contractor. Customer CUST-3878 billed PLAN charge of $124.96 (charge CHG-GEN-B963A5) during outage window.
CUST-9799,ACC-9799,SD-GEN-ABB9BB,DATA,Fiber cut — third-party contractor,CRITICAL,2026-08-28T14:26:54Z,2026-08-30T09:09:54Z,DATA disruption due to Fiber cut — third-party contractor. Customer CUST-9799 billed DATA charge of $132.81 (charge CHG-GEN-BC8D24) during outage window.
CUST-7704,ACC-7704,SD-GEN-B8A57F,DATA,Scheduled maintenance overran,CRITICAL,2026-08-28T17:46:54Z,2026-08-29T18:57:54Z,DATA disruption due to Scheduled maintenance overran. Customer CUST-7704 billed DATA charge of $159.51 (charge CHG-GEN-2B6D29) during outage window.
CUST-2689,ACC-2689,SD-GEN-67A81C,VOICE,Core routing misconfiguration,CRITICAL,2026-09-06T10:52:54Z,2026-09-08T02:46:54Z,VOICE disruption due to Core routing misconfiguration. Customer CUST-2689 billed VOICE charge of $144.81 (charge CHG-GEN-BD9CA7) during outage window.
CUST-5519,ACC-5519,SD-GEN-5FCD5E,FIBER_BROADBAND,Scheduled maintenance overran,MEDIUM,2026-09-05T14:23:54Z,2026-09-06T04:00:54Z,FIBER_BROADBAND disruption due to Scheduled maintenance overran. Customer CUST-5519 billed PLAN charge of $139.9 (charge CHG-GEN-40C4EB) during outage window.
CUST-3907,ACC-3907,SD-GEN-B56CA4,VOICE,Fiber cut — third-party contractor,LOW,2026-09-11T12:22:54Z,2026-09-11T17:36:54Z,VOICE disruption due to Fiber cut — third-party contractor. Customer CUST-3907 billed VOICE charge of $132.25 (charge CHG-GEN-88C9BD) during outage window.
CUST-3637,ACC-3637,SD-GEN-4EFFAC,DATA,Fiber cut — third-party contractor,CRITICAL,2026-09-07T05:22:54Z,2026-09-07T08:59:54Z,DATA disruption due to Fiber cut — third-party contractor. Customer CUST-3637 billed DATA charge of $153.78 (charge CHG-GEN-D71CDF) during outage window.
CUST-9835,ACC-9835,SD-GEN-2859DD,VOICE,Fiber cut — third-party contractor,HIGH,2026-09-11T04:58:54Z,2026-09-13T02:36:54Z,VOICE disruption due to Fiber cut — third-party contractor. Customer CUST-9835 billed VOICE charge of $44.36 (charge CHG-GEN-644BB8) during outage window.
CUST-9262,ACC-9262,SD-GEN-9E362F,FIBER_BROADBAND,Fiber cut — third-party contractor,CRITICAL,2026-09-06T05:48:54Z,2026-09-06T21:51:54Z,FIBER_BROADBAND disruption due to Fiber cut — third-party contractor. Customer CUST-9262 billed PLAN charge of $64.52 (charge CHG-GEN-06949A) during outage window.
CUST-9861,ACC-9861,SD-GEN-C6C113,DATA,Core routing misconfiguration,HIGH,2026-08-27T22:43:54Z,2026-08-28T18:58:54Z,DATA disruption due to Core routing misconfiguration. Customer CUST-9861 billed DATA charge of $109.51 (charge CHG-GEN-710E44) during outage window.
CUST-2868,ACC-2868,SD-GEN-9F7503,FIBER_BROADBAND,Scheduled maintenance overran,MEDIUM,2026-09-17T01:08:54Z,2026-09-17T07:04:54Z,FIBER_BROADBAND disruption due to Scheduled maintenance overran. Customer CUST-2868 billed PLAN charge of $129.59 (charge CHG-GEN-8F238C) during outage window.
CUST-3051,ACC-3051,SD-GEN-71F6C7,DATA,Regional switch failover incomplete,LOW,2026-09-03T01:26:54Z,2026-09-03T17:49:54Z,DATA disruption due to Regional switch failover incomplete. Customer CUST-3051 billed DATA charge of $153.09 (charge CHG-GEN-F79B37) during outage window.
CUST-5264,ACC-5264,SD-GEN-462C82,FIBER_BROADBAND,Regional switch failover incomplete,LOW,2026-08-27T15:18:54Z,2026-08-27T22:41:54Z,FIBER_BROADBAND disruption due to Regional switch failover incomplete. Customer CUST-5264 billed PLAN charge of $163.24 (charge CHG-GEN-C926AB) during outage window.
CUST-7257,ACC-7257,SD-GEN-6F83C3,VOICE,Scheduled maintenance overran,MEDIUM,2026-08-30T22:34:54Z,2026-09-01T01:00:54Z,VOICE disruption due to Scheduled maintenance overran. Customer CUST-7257 billed VOICE charge of $66.6 (charge CHG-GEN-6F0DD4) during outage window.
CUST-3149,ACC-3149,SD-GEN-C92F9F,VOICE,Core routing misconfiguration,MEDIUM,2026-09-11T01:46:54Z,2026-09-11T21:14:54Z,VOICE disruption due to Core routing misconfiguration. Customer CUST-3149 billed VOICE charge of $101.12 (charge CHG-GEN-E76181) during outage window.
CUST-2622,ACC-2622,SD-GEN-456465,FIBER_BROADBAND,Regional switch failover incomplete,HIGH,2026-09-10T21:25:54Z,2026-09-12T04:52:54Z,FIBER_BROADBAND disruption due to Regional switch failover incomplete. Customer CUST-2622 billed PLAN charge of $51.26 (charge CHG-GEN-15ABCD) during outage window.
CUST-8555,ACC-8555,SD-GEN-8B489A,DATA,Regional switch failover incomplete,LOW,2026-09-12T13:06:54Z,2026-09-14T08:59:54Z,DATA disruption due to Regional switch failover incomplete. Customer CUST-8555 billed DATA charge of $168.13 (charge CHG-GEN-438540) during outage window.
CUST-5982,ACC-5982,SD-GEN-F4049A,DATA,Regional switch failover incomplete,CRITICAL,2026-09-10T11:26:54Z,2026-09-11T12:50:54Z,DATA disruption due to Regional switch failover incomplete. Customer CUST-5982 billed DATA charge of $45.85 (charge CHG-GEN-B6ED4A) during outage window.
CUST-6192,ACC-6192,SD-GEN-E9B690,DATA,Scheduled maintenance overran,LOW,2026-09-12T00:47:54Z,2026-09-12T12:23:54Z,DATA disruption due to Scheduled maintenance overran. Customer CUST-6192 billed DATA charge of $38.97 (charge CHG-GEN-54BCBF) during outage window.
CUST-5847,ACC-5847,SD-GEN-E80FA2,FIBER_BROADBAND,Fiber cut — third-party contractor,HIGH,2026-09-10T06:02:54Z,2026-09-11T07:48:54Z,FIBER_BROADBAND disruption due to Fiber cut — third-party contractor. Customer CUST-5847 billed PLAN charge of $167.82 (charge CHG-GEN-C1D906) during outage window.
CUST-4820,ACC-4820,SD-GEN-B7AFC2,DATA,Regional switch failover incomplete,MEDIUM,2026-09-11T05:55:54Z,2026-09-12T06:40:54Z,DATA disruption due to Regional switch failover incomplete. Customer CUST-4820 billed DATA charge of $143.8 (charge CHG-GEN-34EDF1) during outage window.
CUST-4907,ACC-4907,SD-GEN-A3726C,VOICE,Core routing misconfiguration,MEDIUM,2026-08-27T21:24:54Z,2026-08-28T12:12:54Z,VOICE disruption due to Core routing misconfiguration. Customer CUST-4907 billed VOICE charge of $170.82 (charge CHG-GEN-30C11A) during outage window.
CUST-3875,ACC-3875,SD-GEN-FB8909,DATA,Fiber cut — third-party contractor,HIGH,2026-09-13T08:12:54Z,2026-09-15T06:27:54Z,DATA disruption due to Fiber cut — third-party contractor. Customer CUST-3875 billed DATA charge of $98.59 (charge CHG-GEN-6C4A1A) during outage window.
CUST-6321,ACC-6321,SD-GEN-26F52B,DATA,Fiber cut — third-party contractor,LOW,2026-09-05T20:19:54Z,2026-09-06T15:02:54Z,DATA disruption due to Fiber cut — third-party contractor. Customer CUST-6321 billed DATA charge of $110.8 (charge CHG-GEN-36DAE3) during outage window.
CUST-3240,ACC-3240,SD-GEN-A91F19,DATA,Core routing misconfiguration,CRITICAL,2026-09-09T13:00:54Z,2026-09-11T12:09:54Z,DATA disruption due to Core routing misconfiguration. Customer CUST-3240 billed DATA charge of $117.56 (charge CHG-GEN-EE6337) during outage window.
CUST-3662,ACC-3662,SD-GEN-DF3AD1,VOICE,Fiber cut — third-party contractor,MEDIUM,2026-09-15T19:57:54Z,2026-09-17T16:41:54Z,VOICE disruption due to Fiber cut — third-party contractor. Customer CUST-3662 billed VOICE charge of $125.11 (charge CHG-GEN-884A07) during outage window.
CUST-2188,ACC-2188,SD-GEN-7D2AA8,VOICE,Regional switch failover incomplete,HIGH,2026-09-08T01:21:54Z,2026-09-08T06:43:54Z,VOICE disruption due to Regional switch failover incomplete. Customer CUST-2188 billed VOICE charge of $136.32 (charge CHG-GEN-9A7FD0) during outage window.
CUST-9466,ACC-9466,SD-GEN-293A92,VOICE,Regional switch failover incomplete,LOW,2026-09-12T16:46:54Z,2026-09-14T10:51:54Z,VOICE disruption due to Regional switch failover incomplete. Customer CUST-9466 billed VOICE charge of $137.77 (charge CHG-GEN-02C76D) during outage window.
CUST-5140,ACC-5140,SD-GEN-BA7E57,VOICE,Fiber cut — third-party contractor,MEDIUM,2026-08-29T07:40:54Z,2026-08-31T03:30:54Z,VOICE disruption due to Fiber cut — third-party contractor. Customer CUST-5140 billed VOICE charge of $114.39 (charge CHG-GEN-BCD48B) during outage window.
CUST-8886,ACC-8886,SD-GEN-769630,VOICE,Core routing misconfiguration,LOW,2026-08-27T07:01:54Z,2026-08-27T19:11:54Z,VOICE disruption due to Core routing misconfiguration. Customer CUST-8886 billed VOICE charge of $53.76 (charge CHG-GEN-B15AD2) during outage window.
CUST-2990,ACC-2990,SD-GEN-997FE9,FIBER_BROADBAND,Regional switch failover incomplete,LOW,2026-09-17T00:50:54Z,2026-09-18T13:47:54Z,FIBER_BROADBAND disruption due to Regional switch failover incomplete. Customer CUST-2990 billed PLAN charge of $122.2 (charge CHG-GEN-799D8B) during outage window.
CUST-6911,ACC-6911,SD-GEN-9944A6,FIBER_BROADBAND,Scheduled maintenance overran,MEDIUM,2026-09-13T17:02:54Z,2026-09-14T10:14:54Z,FIBER_BROADBAND disruption due to Scheduled maintenance overran. Customer CUST-6911 billed PLAN charge of $44.61 (charge CHG-GEN-E1E269) during outage window.
CUST-2508,ACC-2508,SD-GEN-0C62C0,DATA,Regional switch failover incomplete,MEDIUM,2026-08-27T08:48:54Z,2026-08-27T20:27:54Z,DATA disruption due to Regional switch failover incomplete. Customer CUST-2508 billed DATA charge of $91.4 (charge CHG-GEN-1EBC09) during outage window.
CUST-8894,ACC-8894,SD-GEN-185370,FIBER_BROADBAND,Fiber cut — third-party contractor,HIGH,2026-08-29T04:32:54Z,2026-08-30T12:35:54Z,FIBER_BROADBAND disruption due to Fiber cut — third-party contractor. Customer CUST-8894 billed PLAN charge of $123.96 (charge CHG-GEN-EDE2A0) during outage window.
CUST-5906,ACC-5906,SD-GEN-27EB8C,DATA,Fiber cut — third-party contractor,LOW,2026-09-09T07:40:54Z,2026-09-10T10:04:54Z,DATA disruption due to Fiber cut — third-party contractor. Customer CUST-5906 billed DATA charge of $143.9 (charge CHG-GEN-543417) during outage window.
CUST-9865,ACC-9865,SD-GEN-1C9F82,FIBER_BROADBAND,Regional switch failover incomplete,HIGH,2026-09-12T19:10:54Z,2026-09-13T14:05:54Z,FIBER_BROADBAND disruption due to Regional switch failover incomplete. Customer CUST-9865 billed PLAN charge of $130.64 (charge CHG-GEN-D80C65) during outage window.
CUST-8028,ACC-8028,SD-GEN-C6545B,VOICE,Fiber cut — third-party contractor,HIGH,2026-09-03T17:21:54Z,2026-09-05T13:32:54Z,VOICE disruption due to Fiber cut — third-party contractor. Customer CUST-8028 billed VOICE charge of $154.13 (charge CHG-GEN-D1587C) during outage window.
CUST-5655,ACC-5655,SD-GEN-81B892,DATA,Core routing misconfiguration,HIGH,2026-08-28T14:28:54Z,2026-08-30T13:56:54Z,DATA disruption due to Core routing misconfiguration. Customer CUST-5655 billed DATA charge of $88.48 (charge CHG-GEN-259D23) during outage window.
CUST-2861,ACC-2861,SD-GEN-9B8E8A,FIBER_BROADBAND,Core routing misconfiguration,HIGH,2026-08-31T12:11:54Z,2026-09-02T02:42:54Z,FIBER_BROADBAND disruption due to Core routing misconfiguration. Customer CUST-2861 billed PLAN charge of $172.77 (charge CHG-GEN-8779FD) during outage window.
CUST-6272,ACC-6272,SD-GEN-26ADE5,DATA,Regional switch failover incomplete,CRITICAL,2026-09-01T20:06:54Z,2026-09-02T11:35:54Z,DATA disruption due to Regional switch failover incomplete. Customer CUST-6272 billed DATA charge of $142.57 (charge CHG-GEN-F1C954) during outage window.
CUST-7943,ACC-7943,SD-GEN-B35BA5,FIBER_BROADBAND,Regional switch failover incomplete,LOW,2026-09-15T01:34:54Z,2026-09-17T00:48:54Z,FIBER_BROADBAND disruption due to Regional switch failover incomplete. Customer CUST-7943 billed PLAN charge of $171.1 (charge CHG-GEN-238BB9) during outage window.
CUST-4257,ACC-4257,SD-GEN-E8BF83,FIBER_BROADBAND,Core routing misconfiguration,MEDIUM,2026-09-12T06:25:54Z,2026-09-13T05:03:54Z,FIBER_BROADBAND disruption due to Core routing misconfiguration. Customer CUST-4257 billed PLAN charge of $71.87 (charge CHG-GEN-4923A4) during outage window.
CUST-4891,ACC-4891,SD-GEN-59BAA7,FIBER_BROADBAND,Scheduled maintenance overran,HIGH,2026-09-05T16:05:54Z,2026-09-05T20:24:54Z,FIBER_BROADBAND disruption due to Scheduled maintenance overran. Customer CUST-4891 billed PLAN charge of $177.21 (charge CHG-GEN-D75884) during outage window.
CUST-2287,ACC-2287,SD-GEN-3ADF49,FIBER_BROADBAND,Scheduled maintenance overran,HIGH,2026-08-27T15:41:54Z,2026-08-28T07:49:54Z,FIBER_BROADBAND disruption due to Scheduled maintenance overran. Customer CUST-2287 billed PLAN charge of $106.23 (charge CHG-GEN-39A8FB) during outage window.
CUST-4632,ACC-4632,SD-GEN-AF529D,VOICE,Scheduled maintenance overran,HIGH,2026-08-28T05:22:54Z,2026-08-28T08:03:54Z,VOICE disruption due to Scheduled maintenance overran. Customer CUST-4632 billed VOICE charge of $68.41 (charge CHG-GEN-FF117A) during outage window.
CUST-2807,ACC-2807,SD-GEN-7E944B,FIBER_BROADBAND,Scheduled maintenance overran,LOW,2026-08-30T13:54:54Z,2026-08-31T11:56:54Z,FIBER_BROADBAND disruption due to Scheduled maintenance overran. Customer CUST-2807 billed PLAN charge of $149.53 (charge CHG-GEN-B1485A) during outage window.
CUST-4355,ACC-4355,SD-GEN-AAFFEA,FIBER_BROADBAND,Core routing misconfiguration,MEDIUM,2026-09-15T18:32:54Z,2026-09-16T22:25:54Z,FIBER_BROADBAND disruption due to Core routing misconfiguration. Customer CUST-4355 billed PLAN charge of $136.21 (charge CHG-GEN-0EDA17) during outage window.
CUST-5881,ACC-5881,SD-GEN-BD2162,DATA,Core routing misconfiguration,CRITICAL,2026-09-10T19:15:54Z,2026-09-11T14:01:54Z,DATA disruption due to Core routing misconfiguration. Customer CUST-5881 billed DATA charge of $64.7 (charge CHG-GEN-2E52E4) during outage window.
CUST-3179,ACC-3179,SD-GEN-435CC8,VOICE,Fiber cut — third-party contractor,LOW,2026-09-11T07:39:54Z,2026-09-11T12:40:54Z,VOICE disruption due to Fiber cut — third-party contractor. Customer CUST-3179 billed VOICE charge of $144.58 (charge CHG-GEN-CBD2DA) during outage window.
CUST-2552,ACC-2552,SD-GEN-311D1A,FIBER_BROADBAND,Scheduled maintenance overran,CRITICAL,2026-08-27T17:35:54Z,2026-08-28T08:29:54Z,FIBER_BROADBAND disruption due to Scheduled maintenance overran. Customer CUST-2552 billed PLAN charge of $107.09 (charge CHG-GEN-08BB2C) during outage window.
CUST-7971,ACC-7971,SD-GEN-E9DFCF,VOICE,Scheduled maintenance overran,LOW,2026-09-14T06:35:54Z,2026-09-15T21:48:54Z,VOICE disruption due to Scheduled maintenance overran. Customer CUST-7971 billed VOICE charge of $41.72 (charge CHG-GEN-9A92A2) during outage window.
CUST-2226,ACC-2226,SD-GEN-160B2C,DATA,Fiber cut — third-party contractor,HIGH,2026-09-05T22:49:54Z,2026-09-06T20:47:54Z,DATA disruption due to Fiber cut — third-party contractor. Customer CUST-2226 billed DATA charge of $92.93 (charge CHG-GEN-1EB1A6) during outage window.
CUST-4000,ACC-4000,SD-GEN-CD76FD,DATA,Core routing misconfiguration,LOW,2026-09-15T14:10:54Z,2026-09-16T05:10:54Z,DATA disruption due to Core routing misconfiguration. Customer CUST-4000 billed DATA charge of $84.39 (charge CHG-GEN-790215) during outage window.
CUST-3051,ACC-3051,SD-GEN-C60B93,FIBER_BROADBAND,Fiber cut — third-party contractor,MEDIUM,2026-09-08T20:39:54Z,2026-09-10T17:53:54Z,FIBER_BROADBAND disruption due to Fiber cut — third-party contractor. Customer CUST-3051 billed PLAN charge of $138.55 (charge CHG-GEN-8F42D1) during outage window.
CUST-5321,ACC-5321,SD-GEN-988AAC,VOICE,Fiber cut — third-party contractor,HIGH,2026-08-27T16:17:54Z,2026-08-29T02:51:54Z,VOICE disruption due to Fiber cut — third-party contractor. Customer CUST-5321 billed VOICE charge of $63.76 (charge CHG-GEN-D79A99) during outage window.
CUST-8299,ACC-8299,SD-GEN-2392C6,VOICE,Regional switch failover incomplete,CRITICAL,2026-09-05T11:12:54Z,2026-09-06T14:42:54Z,VOICE disruption due to Regional switch failover incomplete. Customer CUST-8299 billed VOICE charge of $78.25 (charge CHG-GEN-064931) during outage window.
CUST-4594,ACC-4594,SD-GEN-42A64A,FIBER_BROADBAND,Scheduled maintenance overran,MEDIUM,2026-08-30T16:03:54Z,2026-09-01T12:26:54Z,FIBER_BROADBAND disruption due to Scheduled maintenance overran. Customer CUST-4594 billed PLAN charge of $96.32 (charge CHG-GEN-F29B42) during outage window.
CUST-8855,ACC-8855,SD-GEN-526894,FIBER_BROADBAND,Scheduled maintenance overran,CRITICAL,2026-09-11T06:16:54Z,2026-09-12T14:05:54Z,FIBER_BROADBAND disruption due to Scheduled maintenance overran. Customer CUST-8855 billed PLAN charge of $102.53 (charge CHG-GEN-570827) during outage window.
CUST-6605,ACC-6605,SD-GEN-126048,VOICE,Regional switch failover incomplete,LOW,2026-09-13T23:40:54Z,2026-09-14T09:55:54Z,VOICE disruption due to Regional switch failover incomplete. Customer CUST-6605 billed VOICE charge of $164.65 (charge CHG-GEN-8527C1) during outage window.
CUST-3792,ACC-3792,SD-GEN-15AF86,FIBER_BROADBAND,Regional switch failover incomplete,CRITICAL,2026-09-08T09:39:54Z,2026-09-09T04:13:54Z,FIBER_BROADBAND disruption due to Regional switch failover incomplete. Customer CUST-3792 billed PLAN charge of $155.66 (charge CHG-GEN-6A6C05) during outage window.
CUST-7003,ACC-7003,SD-GEN-0F5493,DATA,Regional switch failover incomplete,LOW,2026-09-06T02:05:54Z,2026-09-06T12:06:54Z,DATA disruption due to Regional switch failover incomplete. Customer CUST-7003 billed DATA charge of $158.05 (charge CHG-GEN-692384) during outage window.
CUST-7189,ACC-7189,SD-GEN-2553DC,DATA,Regional switch failover incomplete,HIGH,2026-08-29T23:36:54Z,2026-08-30T16:56:54Z,DATA disruption due to Regional switch failover incomplete. Customer CUST-7189 billed DATA charge of $43.55 (charge CHG-GEN-80CCB6) during outage window.
CUST-9958,ACC-9958,SD-GEN-6D91B5,VOICE,Scheduled maintenance overran,HIGH,2026-09-07T20:06:54Z,2026-09-09T10:55:54Z,VOICE disruption due to Scheduled maintenance overran. Customer CUST-9958 billed VOICE charge of $50.58 (charge CHG-GEN-BB06BD) during outage window.
CUST-5938,ACC-5938,SD-GEN-5C4E38,FIBER_BROADBAND,Fiber cut — third-party contractor,CRITICAL,2026-09-09T00:12:54Z,2026-09-10T13:29:54Z,FIBER_BROADBAND disruption due to Fiber cut — third-party contractor. Customer CUST-5938 billed PLAN charge of $72.41 (charge CHG-GEN-DADC9B) during outage window.
CUST-6734,ACC-6734,SD-GEN-FCE475,DATA,Regional switch failover incomplete,CRITICAL,2026-09-05T05:52:54Z,2026-09-06T00:18:54Z,DATA disruption due to Regional switch failover incomplete. Customer CUST-6734 billed DATA charge of $145.45 (charge CHG-GEN-3084F0) during outage window.
CUST-4361,ACC-4361,SD-GEN-BEFD8B,DATA,Scheduled maintenance overran,LOW,2026-09-13T09:10:54Z,2026-09-15T01:34:54Z,DATA disruption due to Scheduled maintenance overran. Customer CUST-4361 billed DATA charge of $150.85 (charge CHG-GEN-10150B) during outage window.
CUST-2160,ACC-2160,SD-GEN-E675F8,VOICE,Regional switch failover incomplete,MEDIUM,2026-08-28T20:22:54Z,2026-08-30T02:06:54Z,VOICE disruption due to Regional switch failover incomplete. Customer CUST-2160 billed VOICE charge of $111.72 (charge CHG-GEN-6DCC8C) during outage window.
CUST-6632,ACC-6632,SD-GEN-71B10D,VOICE,Fiber cut — third-party contractor,LOW,2026-08-28T07:22:54Z,2026-08-29T23:42:54Z,VOICE disruption due to Fiber cut — third-party contractor. Customer CUST-6632 billed VOICE charge of $101.68 (charge CHG-GEN-11EE7D) during outage window.
CUST-4317,ACC-4317,SD-GEN-2930BB,VOICE,Core routing misconfiguration,HIGH,2026-09-14T16:18:54Z,2026-09-15T20:03:54Z,VOICE disruption due to Core routing misconfiguration. Customer CUST-4317 billed VOICE charge of $96.72 (charge CHG-GEN-275EA0) during outage window.
CUST-2557,ACC-2557,SD-GEN-36339E,FIBER_BROADBAND,Regional switch failover incomplete,CRITICAL,2026-09-01T17:17:54Z,2026-09-02T18:29:54Z,FIBER_BROADBAND disruption due to Regional switch failover incomplete. Customer CUST-2557 billed PLAN charge of $76.79 (charge CHG-GEN-95A904) during outage window.
CUST-4533,ACC-4533,SD-GEN-D39AE4,DATA,Scheduled maintenance overran,HIGH,2026-09-05T01:06:54Z,2026-09-05T16:34:54Z,DATA disruption due to Scheduled maintenance overran. Customer CUST-4533 billed DATA charge of $35.59 (charge CHG-GEN-735616) during outage window.
CUST-3301,ACC-3301,SD-GEN-18929B,DATA,Regional switch failover incomplete,MEDIUM,2026-09-04T06:22:54Z,2026-09-04T16:18:54Z,DATA disruption due to Regional switch failover incomplete. Customer CUST-3301 billed DATA charge of $168.04 (charge CHG-GEN-1E16D9) during outage window.
CUST-4368,ACC-4368,SD-GEN-79DFD7,DATA,Core routing misconfiguration,MEDIUM,2026-08-30T16:37:54Z,2026-09-01T03:54:54Z,DATA disruption due to Core routing misconfiguration. Customer CUST-4368 billed DATA charge of $105.51 (charge CHG-GEN-16B71B) during outage window.
CUST-4905,ACC-4905,SD-GEN-128800,FIBER_BROADBAND,Regional switch failover incomplete,CRITICAL,2026-09-12T05:46:54Z,2026-09-13T15:57:54Z,FIBER_BROADBAND disruption due to Regional switch failover incomplete. Customer CUST-4905 billed PLAN charge of $30.08 (charge CHG-GEN-F3BC49) during outage window.
CUST-4241,ACC-4241,SD-GEN-11797D,DATA,Regional switch failover incomplete,MEDIUM,2026-09-02T09:49:54Z,2026-09-02T16:31:54Z,DATA disruption due to Regional switch failover incomplete. Customer CUST-4241 billed DATA charge of $99.83 (charge CHG-GEN-AF9D22) during outage window.
CUST-2490,ACC-2490,SD-GEN-903FC9,DATA,Scheduled maintenance overran,MEDIUM,2026-09-12T03:21:54Z,2026-09-12T07:03:54Z,DATA disruption due to Scheduled maintenance overran. Customer CUST-2490 billed DATA charge of $135.41 (charge CHG-GEN-D5F446) during outage window.
CUST-7119,ACC-7119,SD-GEN-872CC7,FIBER_BROADBAND,Core routing misconfiguration,CRITICAL,2026-09-01T09:49:54Z,2026-09-01T17:48:54Z,FIBER_BROADBAND disruption due to Core routing misconfiguration. Customer CUST-7119 billed PLAN charge of $172.97 (charge CHG-GEN-6C0515) during outage window.
CUST-2756,ACC-2756,SD-GEN-70E764,VOICE,Regional switch failover incomplete,CRITICAL,2026-09-05T14:42:54Z,2026-09-06T01:38:54Z,VOICE disruption due to Regional switch failover incomplete. Customer CUST-2756 billed VOICE charge of $164.41 (charge CHG-GEN-FA3CD1) during outage window.
CUST-9499,ACC-9499,SD-GEN-2CB8F9,DATA,Core routing misconfiguration,LOW,2026-09-14T13:45:54Z,2026-09-16T09:05:54Z,DATA disruption due to Core routing misconfiguration. Customer CUST-9499 billed DATA charge of $153.31 (charge CHG-GEN-2FF491) during outage window.
CUST-4377,ACC-4377,SD-GEN-E9D2BE,DATA,Core routing misconfiguration,LOW,2026-09-04T18:39:54Z,2026-09-05T06:04:54Z,DATA disruption due to Core routing misconfiguration. Customer CUST-4377 billed DATA charge of $135.71 (charge CHG-GEN-320070) during outage window.
CUST-8728,ACC-8728,SD-GEN-B3040B,FIBER_BROADBAND,Scheduled maintenance overran,HIGH,2026-09-17T02:12:54Z,2026-09-19T01:09:54Z,FIBER_BROADBAND disruption due to Scheduled maintenance overran. Customer CUST-8728 billed PLAN charge of $171.67 (charge CHG-GEN-7B8AF3) during outage window.
CUST-3372,ACC-3372,SD-GEN-B22368,VOICE,Regional switch failover incomplete,MEDIUM,2026-08-29T11:50:54Z,2026-08-30T17:09:54Z,VOICE disruption due to Regional switch failover incomplete. Customer CUST-3372 billed VOICE charge of $98.36 (charge CHG-GEN-098BFA) during outage window.
CUST-9022,ACC-9022,SD-GEN-2D0AF8,FIBER_BROADBAND,Regional switch failover incomplete,LOW,2026-09-10T00:51:54Z,2026-09-11T18:03:54Z,FIBER_BROADBAND disruption due to Regional switch failover incomplete. Customer CUST-9022 billed PLAN charge of $152.62 (charge CHG-GEN-8FE87D) during outage window.
CUST-7178,ACC-7178,SD-GEN-01793E,DATA,Regional switch failover incomplete,LOW,2026-09-15T11:39:54Z,2026-09-15T16:29:54Z,DATA disruption due to Regional switch failover incomplete. Customer CUST-7178 billed DATA charge of $157.83 (charge CHG-GEN-A18D53) during outage window.
CUST-8802,ACC-8802,SD-GEN-479376,DATA,Scheduled maintenance overran,CRITICAL,2026-09-09T21:38:54Z,2026-09-11T00:24:54Z,DATA disruption due to Scheduled maintenance overran. Customer CUST-8802 billed DATA charge of $74.22 (charge CHG-GEN-7004B2) during outage window.
CUST-4330,ACC-4330,SD-GEN-6D780E,DATA,Fiber cut — third-party contractor,MEDIUM,2026-09-06T20:02:54Z,2026-09-07T22:35:54Z,DATA disruption due to Fiber cut — third-party contractor. Customer CUST-4330 billed DATA charge of $103.67 (charge CHG-GEN-1489B2) during outage window.
CUST-6681,ACC-6681,SD-GEN-76EC5C,VOICE,Scheduled maintenance overran,LOW,2026-09-07T07:09:54Z,2026-09-09T00:19:54Z,VOICE disruption due to Scheduled maintenance overran. Customer CUST-6681 billed VOICE charge of $95.7 (charge CHG-GEN-D32DBA) during outage window.
CUST-5069,ACC-5069,SD-GEN-6E198C,DATA,Regional switch failover incomplete,HIGH,2026-09-12T13:24:54Z,2026-09-13T21:51:54Z,DATA disruption due to Regional switch failover incomplete. Customer CUST-5069 billed DATA charge of $108.25 (charge CHG-GEN-CD1828) during outage window.
CUST-4099,ACC-4099,SD-GEN-3A7EB9,VOICE,Regional switch failover incomplete,MEDIUM,2026-09-13T15:58:54Z,2026-09-15T04:35:54Z,VOICE disruption due to Regional switch failover incomplete. Customer CUST-4099 billed VOICE charge of $86.61 (charge CHG-GEN-0799FB) during outage window.
CUST-6235,ACC-6235,SD-GEN-750010,FIBER_BROADBAND,Core routing misconfiguration,LOW,2026-09-11T10:52:54Z,2026-09-12T04:31:54Z,FIBER_BROADBAND disruption due to Core routing misconfiguration. Customer CUST-6235 billed PLAN charge of $56.54 (charge CHG-GEN-978211) during outage window.
CUST-8888,ACC-8888,SD-GEN-DFD3FB,VOICE,Fiber cut — third-party contractor,LOW,2026-09-04T12:24:54Z,2026-09-06T02:40:54Z,VOICE disruption due to Fiber cut — third-party contractor. Customer CUST-8888 billed VOICE charge of $73.21 (charge CHG-GEN-80602E) during outage window.
CUST-4909,ACC-4909,SD-GEN-6DE8DB,VOICE,Core routing misconfiguration,LOW,2026-09-16T05:48:54Z,2026-09-16T07:05:54Z,VOICE disruption due to Core routing misconfiguration. Customer CUST-4909 billed VOICE charge of $173.68 (charge CHG-GEN-40BBF7) during outage window.
CUST-9822,ACC-9822,SD-GEN-8CF929,DATA,Regional switch failover incomplete,MEDIUM,2026-08-28T09:23:54Z,2026-08-30T08:19:54Z,DATA disruption due to Regional switch failover incomplete. Customer CUST-9822 billed DATA charge of $147.18 (charge CHG-GEN-8F9AB8) during outage window.
CUST-2397,ACC-2397,SD-GEN-810F68,VOICE,Fiber cut — third-party contractor,MEDIUM,2026-09-16T04:26:54Z,2026-09-16T12:45:54Z,VOICE disruption due to Fiber cut — third-party contractor. Customer CUST-2397 billed VOICE charge of $74.48 (charge CHG-GEN-545244) during outage window.
CUST-3978,ACC-3978,SD-GEN-2B18F0,VOICE,Regional switch failover incomplete,MEDIUM,2026-09-10T19:22:54Z,2026-09-12T18:24:54Z,VOICE disruption due to Regional switch failover incomplete. Customer CUST-3978 billed VOICE charge of $159.95 (charge CHG-GEN-1A5D34) during outage window.
CUST-3382,ACC-3382,SD-GEN-EDC1E3,DATA,Regional switch failover incomplete,LOW,2026-09-14T02:37:54Z,2026-09-15T15:46:54Z,DATA disruption due to Regional switch failover incomplete. Customer CUST-3382 billed DATA charge of $124.48 (charge CHG-GEN-689B29) during outage window.
CUST-3931,ACC-3931,SD-GEN-833989,DATA,Regional switch failover incomplete,CRITICAL,2026-09-11T13:37:54Z,2026-09-12T08:19:54Z,DATA disruption due to Regional switch failover incomplete. Customer CUST-3931 billed DATA charge of $126.63 (charge CHG-GEN-40822B) during outage window.
CUST-7309,ACC-7309,SD-GEN-C68471,FIBER_BROADBAND,Regional switch failover incomplete,HIGH,2026-09-09T16:00:54Z,2026-09-11T12:15:54Z,FIBER_BROADBAND disruption due to Regional switch failover incomplete. Customer CUST-7309 billed PLAN charge of $177.66 (charge CHG-GEN-E023D9) during outage window.
CUST-5058,ACC-5058,SD-GEN-1E9F46,FIBER_BROADBAND,Scheduled maintenance overran,LOW,2026-09-01T10:02:54Z,2026-09-02T09:45:54Z,FIBER_BROADBAND disruption due to Scheduled maintenance overran. Customer CUST-5058 billed PLAN charge of $173.24 (charge CHG-GEN-CFCBA4) during outage window.
CUST-4655,ACC-4655,SD-GEN-DAE7A1,DATA,Core routing misconfiguration,MEDIUM,2026-08-31T13:52:54Z,2026-08-31T21:58:54Z,DATA disruption due to Core routing misconfiguration. Customer CUST-4655 billed DATA charge of $153.95 (charge CHG-GEN-05C430) during outage window.
CUST-7506,ACC-7506,SD-GEN-93D777,DATA,Scheduled maintenance overran,CRITICAL,2026-08-27T11:29:54Z,2026-08-28T08:01:54Z,DATA disruption due to Scheduled maintenance overran. Customer CUST-7506 billed DATA charge of $176.65 (charge CHG-GEN-EFDDAD) during outage window.
CUST-5616,ACC-5616,SD-GEN-FC8F20,VOICE,Regional switch failover incomplete,LOW,2026-09-15T19:34:54Z,2026-09-17T01:44:54Z,VOICE disruption due to Regional switch failover incomplete. Customer CUST-5616 billed VOICE charge of $139.52 (charge CHG-GEN-50FD24) during outage window.
CUST-6736,ACC-6736,SD-GEN-874516,FIBER_BROADBAND,Regional switch failover incomplete,CRITICAL,2026-09-08T16:52:54Z,2026-09-09T04:09:54Z,FIBER_BROADBAND disruption due to Regional switch failover incomplete. Customer CUST-6736 billed PLAN charge of $155.82 (charge CHG-GEN-9BA738) during outage window.
CUST-7124,ACC-7124,SD-GEN-39E960,FIBER_BROADBAND,Core routing misconfiguration,CRITICAL,2026-08-29T11:03:54Z,2026-08-30T18:31:54Z,FIBER_BROADBAND disruption due to Core routing misconfiguration. Customer CUST-7124 billed PLAN charge of $178.24 (charge CHG-GEN-8CA409) during outage window.
CUST-4319,ACC-4319,SD-GEN-E0822D,DATA,Scheduled maintenance overran,HIGH,2026-08-31T20:37:54Z,2026-08-31T21:20:54Z,DATA disruption due to Scheduled maintenance overran. Customer CUST-4319 billed DATA charge of $152.5 (charge CHG-GEN-EE5DF5) during outage window.
CUST-2919,ACC-2919,SD-GEN-D56AB1,DATA,Scheduled maintenance overran,HIGH,2026-08-28T10:24:54Z,2026-08-29T04:52:54Z,DATA disruption due to Scheduled maintenance overran. Customer CUST-2919 billed DATA charge of $167.41 (charge CHG-GEN-AAF5FF) during outage window.
CUST-3329,ACC-3329,SD-GEN-125531,VOICE,Core routing misconfiguration,HIGH,2026-09-12T23:59:54Z,2026-09-14T10:39:54Z,VOICE disruption due to Core routing misconfiguration. Customer CUST-3329 billed VOICE charge of $116.03 (charge CHG-GEN-A66CF8) during outage window.
CUST-5059,ACC-5059,SD-GEN-1F9CFE,DATA,Core routing misconfiguration,CRITICAL,2026-09-14T12:54:54Z,2026-09-15T01:35:54Z,DATA disruption due to Core routing misconfiguration. Customer CUST-5059 billed DATA charge of $175.43 (charge CHG-GEN-8D817E) during outage window.
CUST-3075,ACC-3075,SD-GEN-414E27,DATA,Scheduled maintenance overran,MEDIUM,2026-09-03T20:26:54Z,2026-09-05T07:35:54Z,DATA disruption due to Scheduled maintenance overran. Customer CUST-3075 billed DATA charge of $101.75 (charge CHG-GEN-D26F3A) during outage window.
CUST-7228,ACC-7228,SD-GEN-E3CD2B,VOICE,Regional switch failover incomplete,MEDIUM,2026-08-31T10:58:54Z,2026-08-31T18:43:54Z,VOICE disruption due to Regional switch failover incomplete. Customer CUST-7228 billed VOICE charge of $83.9 (charge CHG-GEN-FEB9E2) during outage window.
CUST-4493,ACC-4493,SD-GEN-3CD807,FIBER_BROADBAND,Core routing misconfiguration,LOW,2026-09-15T22:50:54Z,2026-09-17T18:01:54Z,FIBER_BROADBAND disruption due to Core routing misconfiguration. Customer CUST-4493 billed PLAN charge of $75.66 (charge CHG-GEN-42140F) during outage window.
CUST-5831,ACC-5831,SD-GEN-6FA626,FIBER_BROADBAND,Scheduled maintenance overran,HIGH,2026-08-29T10:24:54Z,2026-08-30T07:16:54Z,FIBER_BROADBAND disruption due to Scheduled maintenance overran. Customer CUST-5831 billed PLAN charge of $165.74 (charge CHG-GEN-DAC41C) during outage window.
CUST-9851,ACC-9851,SD-GEN-4BC4C8,DATA,Fiber cut — third-party contractor,LOW,2026-09-05T12:14:54Z,2026-09-07T08:21:54Z,DATA disruption due to Fiber cut — third-party contractor. Customer CUST-9851 billed DATA charge of $136.7 (charge CHG-GEN-76D9A9) during outage window.
CUST-9042,ACC-9042,SD-GEN-0912EC,DATA,Fiber cut — third-party contractor,HIGH,2026-09-02T14:27:54Z,2026-09-04T01:36:54Z,DATA disruption due to Fiber cut — third-party contractor. Customer CUST-9042 billed DATA charge of $38.22 (charge CHG-GEN-058174) during outage window.
CUST-3969,ACC-3969,SD-GEN-A537D8,VOICE,Core routing misconfiguration,LOW,2026-09-15T04:11:54Z,2026-09-16T22:15:54Z,VOICE disruption due to Core routing misconfiguration. Customer CUST-3969 billed VOICE charge of $143.49 (charge CHG-GEN-2C41DA) during outage window.
CUST-9324,ACC-9324,SD-GEN-DA6BEB,VOICE,Regional switch failover incomplete,HIGH,2026-09-05T05:18:54Z,2026-09-05T19:22:54Z,VOICE disruption due to Regional switch failover incomplete. Customer CUST-9324 billed VOICE charge of $116.51 (charge CHG-GEN-FB6544) during outage window.
CUST-2038,ACC-2038,SD-GEN-DEC6CB,DATA,Fiber cut — third-party contractor,CRITICAL,2026-09-05T21:32:54Z,2026-09-06T08:28:54Z,DATA disruption due to Fiber cut — third-party contractor. Customer CUST-2038 billed DATA charge of $122.3 (charge CHG-GEN-F0AAD2) during outage window.
CUST-8074,ACC-8074,SD-GEN-88C8E0,FIBER_BROADBAND,Scheduled maintenance overran,HIGH,2026-08-28T12:25:54Z,2026-08-29T14:26:54Z,FIBER_BROADBAND disruption due to Scheduled maintenance overran. Customer CUST-8074 billed PLAN charge of $176.57 (charge CHG-GEN-A61327) during outage window.
CUST-9361,ACC-9361,SD-GEN-C29447,DATA,Core routing misconfiguration,HIGH,2026-09-05T04:18:54Z,2026-09-05T15:49:54Z,DATA disruption due to Core routing misconfiguration. Customer CUST-9361 billed DATA charge of $44.54 (charge CHG-GEN-6216AE) during outage window.
CUST-5147,ACC-5147,SD-GEN-934D2D,FIBER_BROADBAND,Fiber cut — third-party contractor,LOW,2026-09-03T13:19:54Z,2026-09-05T02:38:54Z,FIBER_BROADBAND disruption due to Fiber cut — third-party contractor. Customer CUST-5147 billed PLAN charge of $74.11 (charge CHG-GEN-FDC6EE) during outage window.
CUST-6461,ACC-6461,SD-GEN-C7C05E,VOICE,Scheduled maintenance overran,CRITICAL,2026-09-02T00:19:54Z,2026-09-03T13:01:54Z,VOICE disruption due to Scheduled maintenance overran. Customer CUST-6461 billed VOICE charge of $113.67 (charge CHG-GEN-B9A1E4) during outage window.
CUST-9615,ACC-9615,SD-GEN-948BEE,VOICE,Scheduled maintenance overran,CRITICAL,2026-09-08T14:30:54Z,2026-09-08T15:02:54Z,VOICE disruption due to Scheduled maintenance overran. Customer CUST-9615 billed VOICE charge of $110.33 (charge CHG-GEN-0E1D8E) during outage window.
CUST-3144,ACC-3144,SD-GEN-72E123,FIBER_BROADBAND,Scheduled maintenance overran,HIGH,2026-08-28T16:16:54Z,2026-08-30T09:39:54Z,FIBER_BROADBAND disruption due to Scheduled maintenance overran. Customer CUST-3144 billed PLAN charge of $177.78 (charge CHG-GEN-C2950C) during outage window.
CUST-5607,ACC-5607,SD-GEN-8BA753,FIBER_BROADBAND,Core routing misconfiguration,CRITICAL,2026-09-15T17:04:54Z,2026-09-16T15:41:54Z,FIBER_BROADBAND disruption due to Core routing misconfiguration. Customer CUST-5607 billed PLAN charge of $100.09 (charge CHG-GEN-D8EEAB) during outage window.
CUST-2439,ACC-2439,SD-GEN-E14B65,FIBER_BROADBAND,Core routing misconfiguration,LOW,2026-09-03T04:58:54Z,2026-09-04T14:49:54Z,FIBER_BROADBAND disruption due to Core routing misconfiguration. Customer CUST-2439 billed PLAN charge of $67.58 (charge CHG-GEN-9593B1) during outage window.
CUST-7423,ACC-7423,SD-GEN-52A964,FIBER_BROADBAND,Fiber cut — third-party contractor,HIGH,2026-09-05T08:01:54Z,2026-09-05T09:50:54Z,FIBER_BROADBAND disruption due to Fiber cut — third-party contractor. Customer CUST-7423 billed PLAN charge of $130.24 (charge CHG-GEN-B8666E) during outage window.
CUST-5722,ACC-5722,SD-GEN-58F6FA,FIBER_BROADBAND,Fiber cut — third-party contractor,CRITICAL,2026-08-29T17:53:54Z,2026-08-30T02:01:54Z,FIBER_BROADBAND disruption due to Fiber cut — third-party contractor. Customer CUST-5722 billed PLAN charge of $127.85 (charge CHG-GEN-2A91AA) during outage window.
CUST-2425,ACC-2425,SD-GEN-59B5AE,VOICE,Core routing misconfiguration,MEDIUM,2026-09-06T20:18:54Z,2026-09-07T21:34:54Z,VOICE disruption due to Core routing misconfiguration. Customer CUST-2425 billed VOICE charge of $110.73 (charge CHG-GEN-C0BA7B) during outage window.
CUST-8152,ACC-8152,SD-GEN-FEC45F,FIBER_BROADBAND,Fiber cut — third-party contractor,LOW,2026-09-06T23:37:54Z,2026-09-07T21:06:54Z,FIBER_BROADBAND disruption due to Fiber cut — third-party contractor. Customer CUST-8152 billed PLAN charge of $167.04 (charge CHG-GEN-2DFFC1) during outage window.
CUST-2757,ACC-2757,SD-GEN-2C30D2,FIBER_BROADBAND,Regional switch failover incomplete,LOW,2026-09-03T16:51:54Z,2026-09-04T09:41:54Z,FIBER_BROADBAND disruption due to Regional switch failover incomplete. Customer CUST-2757 billed PLAN charge of $145.88 (charge CHG-GEN-D8D59D) during outage window.
CUST-9259,ACC-9259,SD-GEN-6ED603,DATA,Regional switch failover incomplete,MEDIUM,2026-09-05T07:27:54Z,2026-09-05T11:54:54Z,DATA disruption due to Regional switch failover incomplete. Customer CUST-9259 billed DATA charge of $71.28 (charge CHG-GEN-4F3848) during outage window.
CUST-8854,ACC-8854,SD-GEN-F402C0,DATA,Fiber cut — third-party contractor,HIGH,2026-08-30T04:46:54Z,2026-08-30T21:42:54Z,DATA disruption due to Fiber cut — third-party contractor. Customer CUST-8854 billed DATA charge of $110.52 (charge CHG-GEN-B02AD0) during outage window.
CUST-8824,ACC-8824,SD-GEN-30A5CD,FIBER_BROADBAND,Fiber cut — third-party contractor,LOW,2026-09-12T01:03:54Z,2026-09-13T16:16:54Z,FIBER_BROADBAND disruption due to Fiber cut — third-party contractor. Customer CUST-8824 billed PLAN charge of $74.63 (charge CHG-GEN-412240) during outage window.
CUST-8110,ACC-8110,SD-GEN-6A2B39,FIBER_BROADBAND,Scheduled maintenance overran,LOW,2026-09-12T13:32:54Z,2026-09-12T19:24:54Z,FIBER_BROADBAND disruption due to Scheduled maintenance overran. Customer CUST-8110 billed PLAN charge of $165.3 (charge CHG-GEN-D9AF78) during outage window.
CUST-9869,ACC-9869,SD-GEN-3921DA,FIBER_BROADBAND,Regional switch failover incomplete,HIGH,2026-09-16T15:42:54Z,2026-09-16T22:02:54Z,FIBER_BROADBAND disruption due to Regional switch failover incomplete. Customer CUST-9869 billed PLAN charge of $132.38 (charge CHG-GEN-C96118) during outage window.
CUST-9474,ACC-9474,SD-GEN-1955B9,VOICE,Regional switch failover incomplete,MEDIUM,2026-08-30T14:01:54Z,2026-08-31T23:41:54Z,VOICE disruption due to Regional switch failover incomplete. Customer CUST-9474 billed VOICE charge of $36.48 (charge CHG-GEN-2B647E) during outage window.
CUST-6976,ACC-6976,SD-GEN-0FDD06,DATA,Core routing misconfiguration,HIGH,2026-09-03T19:52:54Z,2026-09-04T01:05:54Z,DATA disruption due to Core routing misconfiguration. Customer CUST-6976 billed DATA charge of $43.66 (charge CHG-GEN-BDBCDD) during outage window.
CUST-4604,ACC-4604,SD-GEN-889A70,FIBER_BROADBAND,Fiber cut — third-party contractor,HIGH,2026-09-08T18:58:54Z,2026-09-10T07:49:54Z,FIBER_BROADBAND disruption due to Fiber cut — third-party contractor. Customer CUST-4604 billed PLAN charge of $121.57 (charge CHG-GEN-D77F09) during outage window.
CUST-2666,ACC-2666,SD-GEN-997814,DATA,Regional switch failover incomplete,LOW,2026-08-28T08:30:54Z,2026-08-28T17:35:54Z,DATA disruption due to Regional switch failover incomplete. Customer CUST-2666 billed DATA charge of $103.65 (charge CHG-GEN-1FF019) during outage window.
CUST-3937,ACC-3937,SD-GEN-3286B7,VOICE,Fiber cut — third-party contractor,HIGH,2026-09-10T21:25:54Z,2026-09-11T06:40:54Z,VOICE disruption due to Fiber cut — third-party contractor. Customer CUST-3937 billed VOICE charge of $74.97 (charge CHG-GEN-911EDB) during outage window.
CUST-6512,ACC-6512,SD-GEN-EE96CE,DATA,Regional switch failover incomplete,CRITICAL,2026-09-04T11:22:54Z,2026-09-06T08:54:54Z,DATA disruption due to Regional switch failover incomplete. Customer CUST-6512 billed DATA charge of $49.14 (charge CHG-GEN-33A72D) during outage window.
CUST-2370,ACC-2370,SD-GEN-985E72,FIBER_BROADBAND,Regional switch failover incomplete,LOW,2026-08-27T11:25:54Z,2026-08-28T20:21:54Z,FIBER_BROADBAND disruption due to Regional switch failover incomplete. Customer CUST-2370 billed PLAN charge of $162.56 (charge CHG-GEN-076EB8) during outage window.
CUST-3464,ACC-3464,SD-GEN-43E56D,DATA,Core routing misconfiguration,CRITICAL,2026-09-13T09:14:54Z,2026-09-14T23:15:54Z,DATA disruption due to Core routing misconfiguration. Customer CUST-3464 billed DATA charge of $171.43 (charge CHG-GEN-181267) during outage window.
CUST-8866,ACC-8866,SD-GEN-91ECC1,FIBER_BROADBAND,Core routing misconfiguration,LOW,2026-08-27T18:45:54Z,2026-08-28T06:31:54Z,FIBER_BROADBAND disruption due to Core routing misconfiguration. Customer CUST-8866 billed PLAN charge of $174.32 (charge CHG-GEN-FAC896) during outage window.
