customer_id,account_id,log_id,log_source,service_name,log_level,message,trace_id,host_or_pod,event_time,source_system,impact_description
CUST-7118,ACC-7118,LOG-GEN-CA90B1,INFRASTRUCTURE,rating-engine,WARN,Elevated queue depth — processing lag detected,trc-f5d1bb,rating-engine-f62109,2026-09-02T02:21:54Z,Kibana/ELK,rating-engine WARN: Elevated queue depth — processing lag detected. Affected billing for customer CUST-7118. Resulted in DATA charge of $124.82 (charge CHG-GEN-74355A).
CUST-6134,ACC-6134,LOG-GEN-D4B80A,APPLICATION,rating-engine,ERROR,NullPointerException in charge-calculation module,trc-028673,rating-engine-4fa390,2026-08-30T11:15:54Z,Kibana/ELK,rating-engine ERROR: NullPointerException in charge-calculation module. Affected billing for customer CUST-6134. Resulted in DATA charge of $119.09 (charge CHG-GEN-C28FC7).
CUST-2334,ACC-2334,LOG-GEN-928020,INFRASTRUCTURE,billing-gateway,CRITICAL,Pod crash-loop-backoff (OOMKilled),trc-7631d4,billing-gateway-25b42c,2026-09-01T17:59:54Z,Kibana/ELK,billing-gateway CRITICAL: Pod crash-loop-backoff (OOMKilled). Affected billing for customer CUST-2334. Resulted in PLAN charge of $51.59 (charge CHG-GEN-F00063).
CUST-9209,ACC-9209,LOG-GEN-AB3536,INFRASTRUCTURE,billing-gateway,CRITICAL,Pod crash-loop-backoff (OOMKilled),trc-24144a,billing-gateway-e12337,2026-09-05T13:29:54Z,Kibana/ELK,billing-gateway CRITICAL: Pod crash-loop-backoff (OOMKilled). Affected billing for customer CUST-9209. Resulted in PLAN charge of $71.01 (charge CHG-GEN-096620).
CUST-2757,ACC-2757,LOG-GEN-CB5B99,APPLICATION,billing-gateway,ERROR,NullPointerException in charge-calculation module,trc-fdf913,billing-gateway-763e1c,2026-09-08T11:23:54Z,Kibana/ELK,billing-gateway ERROR: NullPointerException in charge-calculation module. Affected billing for customer CUST-2757. Resulted in PLAN charge of $129.67 (charge CHG-GEN-BE5B0D).
CUST-8022,ACC-8022,LOG-GEN-BEF73E,APPLICATION,charging-api,WARN,Elevated queue depth — processing lag detected,trc-b40ca1,charging-api-2c11d6,2026-09-09T16:38:54Z,Kibana/ELK,charging-api WARN: Elevated queue depth — processing lag detected. Affected billing for customer CUST-8022. Resulted in DATA charge of $111.66 (charge CHG-GEN-21B018).
CUST-5155,ACC-5155,LOG-GEN-675B91,APPLICATION,rating-engine,ERROR,NullPointerException in charge-calculation module,trc-c3b247,rating-engine-5a8a7a,2026-09-04T18:42:54Z,Kibana/ELK,rating-engine ERROR: NullPointerException in charge-calculation module. Affected billing for customer CUST-5155. Resulted in DATA charge of $151.1 (charge CHG-GEN-F78BC6).
CUST-5722,ACC-5722,LOG-GEN-880BD6,INFRASTRUCTURE,mediation-svc,WARN,Elevated queue depth — processing lag detected,trc-28a96b,mediation-svc-6f58ac,2026-09-04T16:02:54Z,Kibana/ELK,mediation-svc WARN: Elevated queue depth — processing lag detected. Affected billing for customer CUST-5722. Resulted in DATA charge of $35.4 (charge CHG-GEN-12BD13).
CUST-5437,ACC-5437,LOG-GEN-884EB4,APPLICATION,billing-gateway,CRITICAL,Pod crash-loop-backoff (OOMKilled),trc-6fec0b,billing-gateway-ea32b6,2026-09-04T10:02:54Z,Kibana/ELK,billing-gateway CRITICAL: Pod crash-loop-backoff (OOMKilled). Affected billing for customer CUST-5437. Resulted in PLAN charge of $99.86 (charge CHG-GEN-01F095).
CUST-4193,ACC-4193,LOG-GEN-E7A746,APPLICATION,billing-gateway,ERROR,NullPointerException in charge-calculation module,trc-78a289,billing-gateway-d510cc,2026-09-05T18:16:54Z,Kibana/ELK,billing-gateway ERROR: NullPointerException in charge-calculation module. Affected billing for customer CUST-4193. Resulted in PLAN charge of $90.45 (charge CHG-GEN-C11D64).
CUST-8950,ACC-8950,LOG-GEN-4092BE,INFRASTRUCTURE,mediation-svc,CRITICAL,Pod crash-loop-backoff (OOMKilled),trc-1b6123,mediation-svc-9f0381,2026-08-31T20:18:54Z,Kibana/ELK,mediation-svc CRITICAL: Pod crash-loop-backoff (OOMKilled). Affected billing for customer CUST-8950. Resulted in DATA charge of $92.26 (charge CHG-GEN-308535).
CUST-7418,ACC-7418,LOG-GEN-C29D5B,INFRASTRUCTURE,billing-gateway,WARN,Elevated queue depth — processing lag detected,trc-c4e1dc,billing-gateway-fda638,2026-09-04T20:21:54Z,Kibana/ELK,billing-gateway WARN: Elevated queue depth — processing lag detected. Affected billing for customer CUST-7418. Resulted in PLAN charge of $53.55 (charge CHG-GEN-888D4D).
CUST-7330,ACC-7330,LOG-GEN-58B7F1,INFRASTRUCTURE,rating-engine,ERROR,NullPointerException in charge-calculation module,trc-620536,rating-engine-ca466f,2026-09-12T00:59:54Z,Kibana/ELK,rating-engine ERROR: NullPointerException in charge-calculation module. Affected billing for customer CUST-7330. Resulted in DATA charge of $69.9 (charge CHG-GEN-4AA5A6).
CUST-3561,ACC-3561,LOG-GEN-FF2F70,INFRASTRUCTURE,billing-gateway,WARN,Elevated queue depth — processing lag detected,trc-b22b13,billing-gateway-2867f2,2026-09-10T09:39:54Z,Kibana/ELK,billing-gateway WARN: Elevated queue depth — processing lag detected. Affected billing for customer CUST-3561. Resulted in PLAN charge of $172.0 (charge CHG-GEN-3E1EE0).
CUST-8887,ACC-8887,LOG-GEN-610D2C,APPLICATION,rating-engine,CRITICAL,Pod crash-loop-backoff (OOMKilled),trc-a06373,rating-engine-da2465,2026-09-11T16:59:54Z,Kibana/ELK,rating-engine CRITICAL: Pod crash-loop-backoff (OOMKilled). Affected billing for customer CUST-8887. Resulted in DATA charge of $129.17 (charge CHG-GEN-ED5135).
CUST-4858,ACC-4858,LOG-GEN-18DD24,APPLICATION,mediation-svc,WARN,Elevated queue depth — processing lag detected,trc-f78a77,mediation-svc-508b2a,2026-08-27T20:02:54Z,Kibana/ELK,mediation-svc WARN: Elevated queue depth — processing lag detected. Affected billing for customer CUST-4858. Resulted in DATA charge of $125.33 (charge CHG-GEN-882898).
CUST-8004,ACC-8004,LOG-GEN-C0BBA7,INFRASTRUCTURE,mediation-svc,CRITICAL,Pod crash-loop-backoff (OOMKilled),trc-a0c904,mediation-svc-a8b222,2026-09-01T11:59:54Z,Kibana/ELK,mediation-svc CRITICAL: Pod crash-loop-backoff (OOMKilled). Affected billing for customer CUST-8004. Resulted in DATA charge of $59.66 (charge CHG-GEN-D83BE4).
CUST-3758,ACC-3758,LOG-GEN-AD6393,APPLICATION,billing-gateway,ERROR,NullPointerException in charge-calculation module,trc-1c28ae,billing-gateway-942354,2026-09-08T12:59:54Z,Kibana/ELK,billing-gateway ERROR: NullPointerException in charge-calculation module. Affected billing for customer CUST-3758. Resulted in PLAN charge of $144.48 (charge CHG-GEN-06CD78).
CUST-7084,ACC-7084,LOG-GEN-5D6562,INFRASTRUCTURE,mediation-svc,CRITICAL,Pod crash-loop-backoff (OOMKilled),trc-7f0f9a,mediation-svc-b379d1,2026-08-31T00:56:54Z,Kibana/ELK,mediation-svc CRITICAL: Pod crash-loop-backoff (OOMKilled). Affected billing for customer CUST-7084. Resulted in DATA charge of $93.07 (charge CHG-GEN-2206B9).
CUST-3116,ACC-3116,LOG-GEN-A9F0B8,INFRASTRUCTURE,charging-api,ERROR,NullPointerException in charge-calculation module,trc-0f897a,charging-api-686e13,2026-09-15T01:21:54Z,Kibana/ELK,charging-api ERROR: NullPointerException in charge-calculation module. Affected billing for customer CUST-3116. Resulted in DATA charge of $106.13 (charge CHG-GEN-2C61A7).
CUST-7842,ACC-7842,LOG-GEN-A2A2AA,INFRASTRUCTURE,billing-gateway,ERROR,NullPointerException in charge-calculation module,trc-4818d9,billing-gateway-cda7f4,2026-09-06T06:03:54Z,Kibana/ELK,billing-gateway ERROR: NullPointerException in charge-calculation module. Affected billing for customer CUST-7842. Resulted in PLAN charge of $56.36 (charge CHG-GEN-4F5136).
CUST-2838,ACC-2838,LOG-GEN-014410,INFRASTRUCTURE,charging-api,ERROR,NullPointerException in charge-calculation module,trc-fd516b,charging-api-e40673,2026-09-06T01:04:54Z,Kibana/ELK,charging-api ERROR: NullPointerException in charge-calculation module. Affected billing for customer CUST-2838. Resulted in DATA charge of $110.18 (charge CHG-GEN-8E25EF).
CUST-6635,ACC-6635,LOG-GEN-29F56C,INFRASTRUCTURE,charging-api,WARN,Elevated queue depth — processing lag detected,trc-5b150b,charging-api-2a0c39,2026-08-29T00:23:54Z,Kibana/ELK,charging-api WARN: Elevated queue depth — processing lag detected. Affected billing for customer CUST-6635. Resulted in DATA charge of $30.84 (charge CHG-GEN-D7DB4D).
CUST-9454,ACC-9454,LOG-GEN-B0C07A,INFRASTRUCTURE,mediation-svc,WARN,Elevated queue depth — processing lag detected,trc-74432f,mediation-svc-586e1a,2026-09-05T17:24:54Z,Kibana/ELK,mediation-svc WARN: Elevated queue depth — processing lag detected. Affected billing for customer CUST-9454. Resulted in DATA charge of $146.35 (charge CHG-GEN-86D26E).
CUST-8171,ACC-8171,LOG-GEN-A3218F,APPLICATION,charging-api,CRITICAL,Pod crash-loop-backoff (OOMKilled),trc-f16535,charging-api-17bc42,2026-09-13T00:11:54Z,Kibana/ELK,charging-api CRITICAL: Pod crash-loop-backoff (OOMKilled). Affected billing for customer CUST-8171. Resulted in DATA charge of $165.08 (charge CHG-GEN-A22FB6).
CUST-6707,ACC-6707,LOG-GEN-82F433,INFRASTRUCTURE,charging-api,CRITICAL,Pod crash-loop-backoff (OOMKilled),trc-915fd7,charging-api-6271bd,2026-08-31T04:29:54Z,Kibana/ELK,charging-api CRITICAL: Pod crash-loop-backoff (OOMKilled). Affected billing for customer CUST-6707. Resulted in DATA charge of $49.2 (charge CHG-GEN-1796C3).
CUST-4072,ACC-4072,LOG-GEN-BE93D4,APPLICATION,rating-engine,CRITICAL,Pod crash-loop-backoff (OOMKilled),trc-89dd76,rating-engine-69f0b8,2026-09-08T15:30:54Z,Kibana/ELK,rating-engine CRITICAL: Pod crash-loop-backoff (OOMKilled). Affected billing for customer CUST-4072. Resulted in DATA charge of $136.23 (charge CHG-GEN-BEE56C).
CUST-5982,ACC-5982,LOG-GEN-445205,APPLICATION,charging-api,ERROR,NullPointerException in charge-calculation module,trc-3573ab,charging-api-4fce89,2026-09-12T03:53:54Z,Kibana/ELK,charging-api ERROR: NullPointerException in charge-calculation module. Affected billing for customer CUST-5982. Resulted in DATA charge of $170.46 (charge CHG-GEN-055C70).
CUST-6630,ACC-6630,LOG-GEN-E6EB18,INFRASTRUCTURE,mediation-svc,ERROR,NullPointerException in charge-calculation module,trc-23d6b2,mediation-svc-accd8f,2026-09-09T08:23:54Z,Kibana/ELK,mediation-svc ERROR: NullPointerException in charge-calculation module. Affected billing for customer CUST-6630. Resulted in DATA charge of $171.35 (charge CHG-GEN-D4ABD3).
CUST-8552,ACC-8552,LOG-GEN-31AE96,APPLICATION,billing-gateway,CRITICAL,Pod crash-loop-backoff (OOMKilled),trc-68fcf7,billing-gateway-cef518,2026-09-01T05:33:54Z,Kibana/ELK,billing-gateway CRITICAL: Pod crash-loop-backoff (OOMKilled). Affected billing for customer CUST-8552. Resulted in PLAN charge of $144.46 (charge CHG-GEN-34F160).
CUST-8758,ACC-8758,LOG-GEN-BCF719,INFRASTRUCTURE,mediation-svc,CRITICAL,Pod crash-loop-backoff (OOMKilled),trc-00822f,mediation-svc-2aaee3,2026-08-28T13:30:54Z,Kibana/ELK,mediation-svc CRITICAL: Pod crash-loop-backoff (OOMKilled). Affected billing for customer CUST-8758. Resulted in DATA charge of $32.99 (charge CHG-GEN-6F539A).
CUST-9505,ACC-9505,LOG-GEN-1C1505,APPLICATION,charging-api,CRITICAL,Pod crash-loop-backoff (OOMKilled),trc-6ddf2d,charging-api-22f8e9,2026-08-27T08:37:54Z,Kibana/ELK,charging-api CRITICAL: Pod crash-loop-backoff (OOMKilled). Affected billing for customer CUST-9505. Resulted in DATA charge of $74.86 (charge CHG-GEN-D600E5).
CUST-9027,ACC-9027,LOG-GEN-6AC48A,INFRASTRUCTURE,charging-api,WARN,Elevated queue depth — processing lag detected,trc-a6db42,charging-api-ccaa06,2026-09-06T19:48:54Z,Kibana/ELK,charging-api WARN: Elevated queue depth — processing lag detected. Affected billing for customer CUST-9027. Resulted in DATA charge of $61.13 (charge CHG-GEN-843F28).
CUST-3704,ACC-3704,LOG-GEN-FBDF0D,APPLICATION,billing-gateway,WARN,Elevated queue depth — processing lag detected,trc-906ede,billing-gateway-87a007,2026-09-16T10:11:54Z,Kibana/ELK,billing-gateway WARN: Elevated queue depth — processing lag detected. Affected billing for customer CUST-3704. Resulted in PLAN charge of $111.38 (charge CHG-GEN-CD2614).
CUST-9673,ACC-9673,LOG-GEN-E0908F,INFRASTRUCTURE,billing-gateway,ERROR,NullPointerException in charge-calculation module,trc-4d6270,billing-gateway-77f541,2026-08-29T11:48:54Z,Kibana/ELK,billing-gateway ERROR: NullPointerException in charge-calculation module. Affected billing for customer CUST-9673. Resulted in PLAN charge of $114.78 (charge CHG-GEN-9BA10B).
CUST-2239,ACC-2239,LOG-GEN-ED1A1C,APPLICATION,mediation-svc,WARN,Elevated queue depth — processing lag detected,trc-a9c683,mediation-svc-b407d7,2026-09-07T12:04:54Z,Kibana/ELK,mediation-svc WARN: Elevated queue depth — processing lag detected. Affected billing for customer CUST-2239. Resulted in DATA charge of $32.37 (charge CHG-GEN-2488F6).
CUST-9035,ACC-9035,LOG-GEN-FC6DEA,INFRASTRUCTURE,billing-gateway,ERROR,NullPointerException in charge-calculation module,trc-23d059,billing-gateway-81c6ba,2026-08-29T06:03:54Z,Kibana/ELK,billing-gateway ERROR: NullPointerException in charge-calculation module. Affected billing for customer CUST-9035. Resulted in PLAN charge of $95.99 (charge CHG-GEN-A4EB06).
CUST-6925,ACC-6925,LOG-GEN-AEF8BE,INFRASTRUCTURE,mediation-svc,ERROR,NullPointerException in charge-calculation module,trc-294528,mediation-svc-ccaf2b,2026-09-06T13:19:54Z,Kibana/ELK,mediation-svc ERROR: NullPointerException in charge-calculation module. Affected billing for customer CUST-6925. Resulted in DATA charge of $33.92 (charge CHG-GEN-F4A90A).
CUST-5925,ACC-5925,LOG-GEN-3AF103,INFRASTRUCTURE,mediation-svc,ERROR,NullPointerException in charge-calculation module,trc-32b333,mediation-svc-25e367,2026-08-27T08:57:54Z,Kibana/ELK,mediation-svc ERROR: NullPointerException in charge-calculation module. Affected billing for customer CUST-5925. Resulted in DATA charge of $63.18 (charge CHG-GEN-E65D15).
CUST-8106,ACC-8106,LOG-GEN-078A98,INFRASTRUCTURE,billing-gateway,WARN,Elevated queue depth — processing lag detected,trc-a652a5,billing-gateway-5e0698,2026-08-31T12:35:54Z,Kibana/ELK,billing-gateway WARN: Elevated queue depth — processing lag detected. Affected billing for customer CUST-8106. Resulted in PLAN charge of $61.48 (charge CHG-GEN-3949A9).
CUST-3880,ACC-3880,LOG-GEN-CFA148,INFRASTRUCTURE,mediation-svc,WARN,Elevated queue depth — processing lag detected,trc-4f9bf9,mediation-svc-ba53c3,2026-08-27T19:46:54Z,Kibana/ELK,mediation-svc WARN: Elevated queue depth — processing lag detected. Affected billing for customer CUST-3880. Resulted in DATA charge of $50.49 (charge CHG-GEN-34FCF8).
CUST-5966,ACC-5966,LOG-GEN-16028A,INFRASTRUCTURE,charging-api,WARN,Elevated queue depth — processing lag detected,trc-530187,charging-api-730ed8,2026-09-05T22:06:54Z,Kibana/ELK,charging-api WARN: Elevated queue depth — processing lag detected. Affected billing for customer CUST-5966. Resulted in DATA charge of $152.01 (charge CHG-GEN-C492C4).
CUST-7104,ACC-7104,LOG-GEN-72C73A,INFRASTRUCTURE,rating-engine,CRITICAL,Pod crash-loop-backoff (OOMKilled),trc-dd5cbb,rating-engine-320b81,2026-09-03T23:14:54Z,Kibana/ELK,rating-engine CRITICAL: Pod crash-loop-backoff (OOMKilled). Affected billing for customer CUST-7104. Resulted in DATA charge of $85.05 (charge CHG-GEN-F91CC4).
CUST-5154,ACC-5154,LOG-GEN-CC5F7E,APPLICATION,mediation-svc,WARN,Elevated queue depth — processing lag detected,trc-cd8464,mediation-svc-eb3041,2026-09-04T16:11:54Z,Kibana/ELK,mediation-svc WARN: Elevated queue depth — processing lag detected. Affected billing for customer CUST-5154. Resulted in DATA charge of $67.64 (charge CHG-GEN-404E4D).
CUST-6732,ACC-6732,LOG-GEN-7C2CA3,INFRASTRUCTURE,charging-api,ERROR,NullPointerException in charge-calculation module,trc-1cdac5,charging-api-f64ae7,2026-08-29T23:25:54Z,Kibana/ELK,charging-api ERROR: NullPointerException in charge-calculation module. Affected billing for customer CUST-6732. Resulted in DATA charge of $60.41 (charge CHG-GEN-1BF2D6).
CUST-7445,ACC-7445,LOG-GEN-C7A742,APPLICATION,mediation-svc,CRITICAL,Pod crash-loop-backoff (OOMKilled),trc-552603,mediation-svc-12e205,2026-09-16T03:15:54Z,Kibana/ELK,mediation-svc CRITICAL: Pod crash-loop-backoff (OOMKilled). Affected billing for customer CUST-7445. Resulted in DATA charge of $88.09 (charge CHG-GEN-D5A5A7).
CUST-8724,ACC-8724,LOG-GEN-65AB91,APPLICATION,mediation-svc,CRITICAL,Pod crash-loop-backoff (OOMKilled),trc-7817c1,mediation-svc-2f059e,2026-09-14T02:42:54Z,Kibana/ELK,mediation-svc CRITICAL: Pod crash-loop-backoff (OOMKilled). Affected billing for customer CUST-8724. Resulted in DATA charge of $101.71 (charge CHG-GEN-EC44CC).
CUST-7081,ACC-7081,LOG-GEN-044D58,INFRASTRUCTURE,mediation-svc,ERROR,NullPointerException in charge-calculation module,trc-68f716,mediation-svc-a57e01,2026-09-17T02:41:54Z,Kibana/ELK,mediation-svc ERROR: NullPointerException in charge-calculation module. Affected billing for customer CUST-7081. Resulted in DATA charge of $170.69 (charge CHG-GEN-917575).
CUST-3610,ACC-3610,LOG-GEN-202D99,INFRASTRUCTURE,rating-engine,CRITICAL,Pod crash-loop-backoff (OOMKilled),trc-f4a025,rating-engine-51e3bb,2026-09-13T22:36:54Z,Kibana/ELK,rating-engine CRITICAL: Pod crash-loop-backoff (OOMKilled). Affected billing for customer CUST-3610. Resulted in DATA charge of $32.87 (charge CHG-GEN-D6F5E3).
CUST-4080,ACC-4080,LOG-GEN-69DC56,APPLICATION,charging-api,ERROR,NullPointerException in charge-calculation module,trc-23f032,charging-api-00834b,2026-09-11T04:59:54Z,Kibana/ELK,charging-api ERROR: NullPointerException in charge-calculation module. Affected billing for customer CUST-4080. Resulted in DATA charge of $153.82 (charge CHG-GEN-29B761).
CUST-8362,ACC-8362,LOG-GEN-62DBE4,APPLICATION,rating-engine,ERROR,NullPointerException in charge-calculation module,trc-6ce7be,rating-engine-7b18f6,2026-09-16T22:56:54Z,Kibana/ELK,rating-engine ERROR: NullPointerException in charge-calculation module. Affected billing for customer CUST-8362. Resulted in DATA charge of $125.04 (charge CHG-GEN-C0AA48).
CUST-3038,ACC-3038,LOG-GEN-3C4AE1,APPLICATION,rating-engine,CRITICAL,Pod crash-loop-backoff (OOMKilled),trc-a84559,rating-engine-151a64,2026-08-28T08:46:54Z,Kibana/ELK,rating-engine CRITICAL: Pod crash-loop-backoff (OOMKilled). Affected billing for customer CUST-3038. Resulted in DATA charge of $138.41 (charge CHG-GEN-893EA5).
CUST-4071,ACC-4071,LOG-GEN-C3D010,APPLICATION,rating-engine,ERROR,NullPointerException in charge-calculation module,trc-674200,rating-engine-bbb9e1,2026-09-14T01:26:54Z,Kibana/ELK,rating-engine ERROR: NullPointerException in charge-calculation module. Affected billing for customer CUST-4071. Resulted in DATA charge of $99.82 (charge CHG-GEN-045717).
CUST-3175,ACC-3175,LOG-GEN-ADAB73,APPLICATION,mediation-svc,WARN,Elevated queue depth — processing lag detected,trc-ffbbe7,mediation-svc-fa5361,2026-08-30T15:45:54Z,Kibana/ELK,mediation-svc WARN: Elevated queue depth — processing lag detected. Affected billing for customer CUST-3175. Resulted in DATA charge of $82.8 (charge CHG-GEN-805912).
CUST-5319,ACC-5319,LOG-GEN-C9E88D,APPLICATION,billing-gateway,WARN,Elevated queue depth — processing lag detected,trc-185514,billing-gateway-02ee3c,2026-09-10T03:09:54Z,Kibana/ELK,billing-gateway WARN: Elevated queue depth — processing lag detected. Affected billing for customer CUST-5319. Resulted in PLAN charge of $114.96 (charge CHG-GEN-501197).
CUST-4514,ACC-4514,LOG-GEN-644663,APPLICATION,charging-api,ERROR,NullPointerException in charge-calculation module,trc-38db62,charging-api-dd4225,2026-09-03T20:22:54Z,Kibana/ELK,charging-api ERROR: NullPointerException in charge-calculation module. Affected billing for customer CUST-4514. Resulted in DATA charge of $140.27 (charge CHG-GEN-D9E37B).
CUST-2700,ACC-2700,LOG-GEN-C0458B,APPLICATION,charging-api,ERROR,NullPointerException in charge-calculation module,trc-28f0e3,charging-api-29a8bb,2026-09-17T01:22:54Z,Kibana/ELK,charging-api ERROR: NullPointerException in charge-calculation module. Affected billing for customer CUST-2700. Resulted in DATA charge of $87.97 (charge CHG-GEN-B898A6).
CUST-3258,ACC-3258,LOG-GEN-347123,INFRASTRUCTURE,rating-engine,CRITICAL,Pod crash-loop-backoff (OOMKilled),trc-61faa5,rating-engine-10e0ce,2026-09-05T10:04:54Z,Kibana/ELK,rating-engine CRITICAL: Pod crash-loop-backoff (OOMKilled). Affected billing for customer CUST-3258. Resulted in DATA charge of $144.15 (charge CHG-GEN-DC3527).
CUST-5299,ACC-5299,LOG-GEN-A0C827,APPLICATION,mediation-svc,WARN,Elevated queue depth — processing lag detected,trc-19b7a4,mediation-svc-61d836,2026-08-27T11:10:54Z,Kibana/ELK,mediation-svc WARN: Elevated queue depth — processing lag detected. Affected billing for customer CUST-5299. Resulted in DATA charge of $118.06 (charge CHG-GEN-4047F1).
CUST-5572,ACC-5572,LOG-GEN-58587E,INFRASTRUCTURE,mediation-svc,CRITICAL,Pod crash-loop-backoff (OOMKilled),trc-eb8a4b,mediation-svc-18c693,2026-09-16T22:01:54Z,Kibana/ELK,mediation-svc CRITICAL: Pod crash-loop-backoff (OOMKilled). Affected billing for customer CUST-5572. Resulted in DATA charge of $138.98 (charge CHG-GEN-167A73).
CUST-7878,ACC-7878,LOG-GEN-9C0294,INFRASTRUCTURE,billing-gateway,ERROR,NullPointerException in charge-calculation module,trc-981219,billing-gateway-307f85,2026-09-11T23:01:54Z,Kibana/ELK,billing-gateway ERROR: NullPointerException in charge-calculation module. Affected billing for customer CUST-7878. Resulted in PLAN charge of $77.65 (charge CHG-GEN-56834F).
CUST-8733,ACC-8733,LOG-GEN-97A8C3,INFRASTRUCTURE,billing-gateway,CRITICAL,Pod crash-loop-backoff (OOMKilled),trc-d343bc,billing-gateway-a291d8,2026-09-03T00:53:54Z,Kibana/ELK,billing-gateway CRITICAL: Pod crash-loop-backoff (OOMKilled). Affected billing for customer CUST-8733. Resulted in PLAN charge of $100.13 (charge CHG-GEN-027231).
CUST-3257,ACC-3257,LOG-GEN-049973,APPLICATION,charging-api,WARN,Elevated queue depth — processing lag detected,trc-421b1d,charging-api-f75bdb,2026-09-16T08:17:54Z,Kibana/ELK,charging-api WARN: Elevated queue depth — processing lag detected. Affected billing for customer CUST-3257. Resulted in DATA charge of $124.54 (charge CHG-GEN-D80F03).
CUST-9294,ACC-9294,LOG-GEN-2B030C,APPLICATION,charging-api,CRITICAL,Pod crash-loop-backoff (OOMKilled),trc-086f4a,charging-api-65fa56,2026-08-27T16:38:54Z,Kibana/ELK,charging-api CRITICAL: Pod crash-loop-backoff (OOMKilled). Affected billing for customer CUST-9294. Resulted in DATA charge of $159.5 (charge CHG-GEN-250D55).
CUST-2930,ACC-2930,LOG-GEN-D0A10F,APPLICATION,charging-api,WARN,Elevated queue depth — processing lag detected,trc-8f4767,charging-api-6c3b7b,2026-09-04T12:02:54Z,Kibana/ELK,charging-api WARN: Elevated queue depth — processing lag detected. Affected billing for customer CUST-2930. Resulted in DATA charge of $99.23 (charge CHG-GEN-98B507).
CUST-2955,ACC-2955,LOG-GEN-386435,INFRASTRUCTURE,billing-gateway,WARN,Elevated queue depth — processing lag detected,trc-8450f1,billing-gateway-0674d7,2026-09-10T11:03:54Z,Kibana/ELK,billing-gateway WARN: Elevated queue depth — processing lag detected. Affected billing for customer CUST-2955. Resulted in PLAN charge of $130.21 (charge CHG-GEN-7CB574).
CUST-4877,ACC-4877,LOG-GEN-3E2AF6,INFRASTRUCTURE,rating-engine,ERROR,NullPointerException in charge-calculation module,trc-24bcb0,rating-engine-996cd4,2026-09-13T18:13:54Z,Kibana/ELK,rating-engine ERROR: NullPointerException in charge-calculation module. Affected billing for customer CUST-4877. Resulted in DATA charge of $74.75 (charge CHG-GEN-9B9740).
CUST-7237,ACC-7237,LOG-GEN-F52DA5,INFRASTRUCTURE,rating-engine,ERROR,NullPointerException in charge-calculation module,trc-ec7d8e,rating-engine-8bd469,2026-08-31T04:04:54Z,Kibana/ELK,rating-engine ERROR: NullPointerException in charge-calculation module. Affected billing for customer CUST-7237. Resulted in DATA charge of $133.4 (charge CHG-GEN-2F932D).
CUST-2278,ACC-2278,LOG-GEN-3C7678,INFRASTRUCTURE,mediation-svc,WARN,Elevated queue depth — processing lag detected,trc-bc1faa,mediation-svc-4dbe4d,2026-09-02T13:49:54Z,Kibana/ELK,mediation-svc WARN: Elevated queue depth — processing lag detected. Affected billing for customer CUST-2278. Resulted in DATA charge of $164.22 (charge CHG-GEN-DE2B5B).
CUST-2287,ACC-2287,LOG-GEN-33E69E,APPLICATION,rating-engine,WARN,Elevated queue depth — processing lag detected,trc-7306d9,rating-engine-c82d0d,2026-08-29T03:31:54Z,Kibana/ELK,rating-engine WARN: Elevated queue depth — processing lag detected. Affected billing for customer CUST-2287. Resulted in DATA charge of $55.73 (charge CHG-GEN-DE6D42).
CUST-5476,ACC-5476,LOG-GEN-9EC192,INFRASTRUCTURE,rating-engine,CRITICAL,Pod crash-loop-backoff (OOMKilled),trc-2fa7a8,rating-engine-9b821f,2026-09-07T02:41:54Z,Kibana/ELK,rating-engine CRITICAL: Pod crash-loop-backoff (OOMKilled). Affected billing for customer CUST-5476. Resulted in DATA charge of $99.03 (charge CHG-GEN-F448EF).
CUST-4537,ACC-4537,LOG-GEN-895270,INFRASTRUCTURE,rating-engine,CRITICAL,Pod crash-loop-backoff (OOMKilled),trc-23b734,rating-engine-211a7c,2026-09-15T20:20:54Z,Kibana/ELK,rating-engine CRITICAL: Pod crash-loop-backoff (OOMKilled). Affected billing for customer CUST-4537. Resulted in DATA charge of $61.99 (charge CHG-GEN-6EA4EF).
CUST-4113,ACC-4113,LOG-GEN-FE0EAD,INFRASTRUCTURE,charging-api,CRITICAL,Pod crash-loop-backoff (OOMKilled),trc-00b8d8,charging-api-0af3c0,2026-09-13T13:04:54Z,Kibana/ELK,charging-api CRITICAL: Pod crash-loop-backoff (OOMKilled). Affected billing for customer CUST-4113. Resulted in DATA charge of $43.85 (charge CHG-GEN-871B71).
CUST-3262,ACC-3262,LOG-GEN-B478F2,APPLICATION,charging-api,CRITICAL,Pod crash-loop-backoff (OOMKilled),trc-1647ac,charging-api-626bb3,2026-09-01T20:36:54Z,Kibana/ELK,charging-api CRITICAL: Pod crash-loop-backoff (OOMKilled). Affected billing for customer CUST-3262. Resulted in DATA charge of $155.14 (charge CHG-GEN-850728).
CUST-7529,ACC-7529,LOG-GEN-AD7630,INFRASTRUCTURE,mediation-svc,ERROR,NullPointerException in charge-calculation module,trc-f7c26e,mediation-svc-596101,2026-09-11T05:53:54Z,Kibana/ELK,mediation-svc ERROR: NullPointerException in charge-calculation module. Affected billing for customer CUST-7529. Resulted in DATA charge of $132.87 (charge CHG-GEN-F2C875).
CUST-6812,ACC-6812,LOG-GEN-57AB58,APPLICATION,charging-api,WARN,Elevated queue depth — processing lag detected,trc-be21be,charging-api-3943a1,2026-09-14T03:17:54Z,Kibana/ELK,charging-api WARN: Elevated queue depth — processing lag detected. Affected billing for customer CUST-6812. Resulted in DATA charge of $45.41 (charge CHG-GEN-C075AD).
CUST-3006,ACC-3006,LOG-GEN-924956,INFRASTRUCTURE,billing-gateway,ERROR,NullPointerException in charge-calculation module,trc-76830a,billing-gateway-80c4c0,2026-08-28T21:23:54Z,Kibana/ELK,billing-gateway ERROR: NullPointerException in charge-calculation module. Affected billing for customer CUST-3006. Resulted in PLAN charge of $61.85 (charge CHG-GEN-62E0CE).
CUST-4965,ACC-4965,LOG-GEN-838723,APPLICATION,rating-engine,ERROR,NullPointerException in charge-calculation module,trc-c6bdd6,rating-engine-c0dd76,2026-08-29T05:59:54Z,Kibana/ELK,rating-engine ERROR: NullPointerException in charge-calculation module. Affected billing for customer CUST-4965. Resulted in DATA charge of $132.66 (charge CHG-GEN-1B8EBA).
CUST-8913,ACC-8913,LOG-GEN-1FAB3E,INFRASTRUCTURE,mediation-svc,ERROR,NullPointerException in charge-calculation module,trc-64df88,mediation-svc-fe598f,2026-09-16T08:33:54Z,Kibana/ELK,mediation-svc ERROR: NullPointerException in charge-calculation module. Affected billing for customer CUST-8913. Resulted in DATA charge of $98.49 (charge CHG-GEN-039E29).
CUST-7984,ACC-7984,LOG-GEN-4A1059,APPLICATION,charging-api,ERROR,NullPointerException in charge-calculation module,trc-5250a6,charging-api-8e0003,2026-08-27T22:24:54Z,Kibana/ELK,charging-api ERROR: NullPointerException in charge-calculation module. Affected billing for customer CUST-7984. Resulted in DATA charge of $60.6 (charge CHG-GEN-6ECE17).
CUST-7501,ACC-7501,LOG-GEN-57BC9A,INFRASTRUCTURE,charging-api,CRITICAL,Pod crash-loop-backoff (OOMKilled),trc-a40b69,charging-api-b7fa11,2026-09-15T11:08:54Z,Kibana/ELK,charging-api CRITICAL: Pod crash-loop-backoff (OOMKilled). Affected billing for customer CUST-7501. Resulted in DATA charge of $51.99 (charge CHG-GEN-549DB2).
CUST-3747,ACC-3747,LOG-GEN-DE02B3,APPLICATION,rating-engine,ERROR,NullPointerException in charge-calculation module,trc-a226bc,rating-engine-6c7b6a,2026-09-05T01:57:54Z,Kibana/ELK,rating-engine ERROR: NullPointerException in charge-calculation module. Affected billing for customer CUST-3747. Resulted in DATA charge of $53.24 (charge CHG-GEN-75A6D6).
CUST-5763,ACC-5763,LOG-GEN-E11E15,APPLICATION,mediation-svc,CRITICAL,Pod crash-loop-backoff (OOMKilled),trc-ae771d,mediation-svc-99d56b,2026-09-12T22:28:54Z,Kibana/ELK,mediation-svc CRITICAL: Pod crash-loop-backoff (OOMKilled). Affected billing for customer CUST-5763. Resulted in DATA charge of $124.35 (charge CHG-GEN-C2C92C).
CUST-2524,ACC-2524,LOG-GEN-39B5A9,INFRASTRUCTURE,rating-engine,CRITICAL,Pod crash-loop-backoff (OOMKilled),trc-2ff8e7,rating-engine-7a7347,2026-09-04T01:35:54Z,Kibana/ELK,rating-engine CRITICAL: Pod crash-loop-backoff (OOMKilled). Affected billing for customer CUST-2524. Resulted in DATA charge of $90.04 (charge CHG-GEN-0C6277).
CUST-3606,ACC-3606,LOG-GEN-4ACC2E,APPLICATION,rating-engine,CRITICAL,Pod crash-loop-backoff (OOMKilled),trc-4a0798,rating-engine-e32131,2026-09-10T20:05:54Z,Kibana/ELK,rating-engine CRITICAL: Pod crash-loop-backoff (OOMKilled). Affected billing for customer CUST-3606. Resulted in DATA charge of $161.07 (charge CHG-GEN-8FFD0E).
CUST-5596,ACC-5596,LOG-GEN-607C16,INFRASTRUCTURE,mediation-svc,CRITICAL,Pod crash-loop-backoff (OOMKilled),trc-1a6dd4,mediation-svc-3c4e59,2026-09-04T20:49:54Z,Kibana/ELK,mediation-svc CRITICAL: Pod crash-loop-backoff (OOMKilled). Affected billing for customer CUST-5596. Resulted in DATA charge of $144.26 (charge CHG-GEN-D5B5CF).
CUST-4514,ACC-4514,LOG-GEN-058499,APPLICATION,mediation-svc,ERROR,NullPointerException in charge-calculation module,trc-8552a3,mediation-svc-e62ba8,2026-09-17T04:23:54Z,Kibana/ELK,mediation-svc ERROR: NullPointerException in charge-calculation module. Affected billing for customer CUST-4514. Resulted in DATA charge of $59.89 (charge CHG-GEN-F4CBC6).
CUST-8836,ACC-8836,LOG-GEN-A35ACD,APPLICATION,mediation-svc,WARN,Elevated queue depth — processing lag detected,trc-d0d6d3,mediation-svc-209837,2026-08-28T08:23:54Z,Kibana/ELK,mediation-svc WARN: Elevated queue depth — processing lag detected. Affected billing for customer CUST-8836. Resulted in DATA charge of $165.31 (charge CHG-GEN-9F6146).
CUST-6922,ACC-6922,LOG-GEN-34461A,APPLICATION,charging-api,WARN,Elevated queue depth — processing lag detected,trc-faf606,charging-api-9b0956,2026-09-07T07:15:54Z,Kibana/ELK,charging-api WARN: Elevated queue depth — processing lag detected. Affected billing for customer CUST-6922. Resulted in DATA charge of $58.3 (charge CHG-GEN-6269D3).
CUST-7731,ACC-7731,LOG-GEN-67C915,APPLICATION,rating-engine,CRITICAL,Pod crash-loop-backoff (OOMKilled),trc-23df5b,rating-engine-2fed5a,2026-08-30T20:32:54Z,Kibana/ELK,rating-engine CRITICAL: Pod crash-loop-backoff (OOMKilled). Affected billing for customer CUST-7731. Resulted in DATA charge of $116.35 (charge CHG-GEN-1D83C8).
CUST-8892,ACC-8892,LOG-GEN-497828,APPLICATION,charging-api,ERROR,NullPointerException in charge-calculation module,trc-ba2c7f,charging-api-d68437,2026-09-08T12:27:54Z,Kibana/ELK,charging-api ERROR: NullPointerException in charge-calculation module. Affected billing for customer CUST-8892. Resulted in DATA charge of $65.58 (charge CHG-GEN-253467).
CUST-4619,ACC-4619,LOG-GEN-E67C69,INFRASTRUCTURE,billing-gateway,ERROR,NullPointerException in charge-calculation module,trc-32f8a2,billing-gateway-75efcc,2026-09-04T22:18:54Z,Kibana/ELK,billing-gateway ERROR: NullPointerException in charge-calculation module. Affected billing for customer CUST-4619. Resulted in PLAN charge of $166.52 (charge CHG-GEN-A9C384).
CUST-4074,ACC-4074,LOG-GEN-452336,INFRASTRUCTURE,mediation-svc,ERROR,NullPointerException in charge-calculation module,trc-2395ae,mediation-svc-266df2,2026-08-28T15:41:54Z,Kibana/ELK,mediation-svc ERROR: NullPointerException in charge-calculation module. Affected billing for customer CUST-4074. Resulted in DATA charge of $43.17 (charge CHG-GEN-C611F0).
CUST-7671,ACC-7671,LOG-GEN-577C98,APPLICATION,rating-engine,WARN,Elevated queue depth — processing lag detected,trc-0c452b,rating-engine-48cc10,2026-09-13T08:35:54Z,Kibana/ELK,rating-engine WARN: Elevated queue depth — processing lag detected. Affected billing for customer CUST-7671. Resulted in DATA charge of $60.9 (charge CHG-GEN-72AFF2).
CUST-5664,ACC-5664,LOG-GEN-BA211B,INFRASTRUCTURE,charging-api,WARN,Elevated queue depth — processing lag detected,trc-89b4ee,charging-api-c7602c,2026-09-08T18:10:54Z,Kibana/ELK,charging-api WARN: Elevated queue depth — processing lag detected. Affected billing for customer CUST-5664. Resulted in DATA charge of $91.34 (charge CHG-GEN-66CCA3).
CUST-9845,ACC-9845,LOG-GEN-4CA9D2,INFRASTRUCTURE,mediation-svc,CRITICAL,Pod crash-loop-backoff (OOMKilled),trc-a68f1a,mediation-svc-8da86c,2026-09-15T13:54:54Z,Kibana/ELK,mediation-svc CRITICAL: Pod crash-loop-backoff (OOMKilled). Affected billing for customer CUST-9845. Resulted in DATA charge of $75.76 (charge CHG-GEN-ED8B0F).
CUST-2866,ACC-2866,LOG-GEN-642D06,INFRASTRUCTURE,mediation-svc,WARN,Elevated queue depth — processing lag detected,trc-2e69c5,mediation-svc-71a294,2026-09-11T19:59:54Z,Kibana/ELK,mediation-svc WARN: Elevated queue depth — processing lag detected. Affected billing for customer CUST-2866. Resulted in DATA charge of $133.21 (charge CHG-GEN-389D11).
CUST-9131,ACC-9131,LOG-GEN-C5704E,APPLICATION,charging-api,WARN,Elevated queue depth — processing lag detected,trc-8d68ed,charging-api-7ca7b0,2026-09-08T04:43:54Z,Kibana/ELK,charging-api WARN: Elevated queue depth — processing lag detected. Affected billing for customer CUST-9131. Resulted in DATA charge of $123.86 (charge CHG-GEN-B3E62B).
CUST-8471,ACC-8471,LOG-GEN-27023A,INFRASTRUCTURE,rating-engine,WARN,Elevated queue depth — processing lag detected,trc-f1981d,rating-engine-01e26e,2026-08-29T11:46:54Z,Kibana/ELK,rating-engine WARN: Elevated queue depth — processing lag detected. Affected billing for customer CUST-8471. Resulted in DATA charge of $115.25 (charge CHG-GEN-240D43).
CUST-7654,ACC-7654,LOG-GEN-37E956,APPLICATION,charging-api,ERROR,NullPointerException in charge-calculation module,trc-11e4d9,charging-api-c76577,2026-08-28T16:00:54Z,Kibana/ELK,charging-api ERROR: NullPointerException in charge-calculation module. Affected billing for customer CUST-7654. Resulted in DATA charge of $45.07 (charge CHG-GEN-088B34).
CUST-5364,ACC-5364,LOG-GEN-62EABC,APPLICATION,mediation-svc,WARN,Elevated queue depth — processing lag detected,trc-ad2879,mediation-svc-15abca,2026-09-07T06:31:54Z,Kibana/ELK,mediation-svc WARN: Elevated queue depth — processing lag detected. Affected billing for customer CUST-5364. Resulted in DATA charge of $50.22 (charge CHG-GEN-2C5F86).
CUST-5028,ACC-5028,LOG-GEN-372B82,APPLICATION,rating-engine,CRITICAL,Pod crash-loop-backoff (OOMKilled),trc-d9dc72,rating-engine-5f2842,2026-09-16T20:07:54Z,Kibana/ELK,rating-engine CRITICAL: Pod crash-loop-backoff (OOMKilled). Affected billing for customer CUST-5028. Resulted in DATA charge of $85.17 (charge CHG-GEN-DA5B5E).
CUST-7993,ACC-7993,LOG-GEN-FF4EB2,APPLICATION,billing-gateway,WARN,Elevated queue depth — processing lag detected,trc-8e28c6,billing-gateway-8a16a9,2026-09-08T07:10:54Z,Kibana/ELK,billing-gateway WARN: Elevated queue depth — processing lag detected. Affected billing for customer CUST-7993. Resulted in PLAN charge of $30.3 (charge CHG-GEN-FACE39).
CUST-3487,ACC-3487,LOG-GEN-6C279B,APPLICATION,mediation-svc,ERROR,NullPointerException in charge-calculation module,trc-9a08f8,mediation-svc-fd81f2,2026-08-30T11:42:54Z,Kibana/ELK,mediation-svc ERROR: NullPointerException in charge-calculation module. Affected billing for customer CUST-3487. Resulted in DATA charge of $151.77 (charge CHG-GEN-81D4C4).
CUST-3228,ACC-3228,LOG-GEN-6983DD,INFRASTRUCTURE,billing-gateway,CRITICAL,Pod crash-loop-backoff (OOMKilled),trc-e845c7,billing-gateway-aca1dc,2026-09-03T18:34:54Z,Kibana/ELK,billing-gateway CRITICAL: Pod crash-loop-backoff (OOMKilled). Affected billing for customer CUST-3228. Resulted in PLAN charge of $130.69 (charge CHG-GEN-6B646A).
CUST-8385,ACC-8385,LOG-GEN-DB3AB9,INFRASTRUCTURE,rating-engine,ERROR,NullPointerException in charge-calculation module,trc-88d8de,rating-engine-6c90fe,2026-09-08T04:20:54Z,Kibana/ELK,rating-engine ERROR: NullPointerException in charge-calculation module. Affected billing for customer CUST-8385. Resulted in DATA charge of $154.28 (charge CHG-GEN-0C017C).
CUST-6039,ACC-6039,LOG-GEN-5BE41B,APPLICATION,charging-api,WARN,Elevated queue depth — processing lag detected,trc-92302d,charging-api-e79cc0,2026-09-09T04:45:54Z,Kibana/ELK,charging-api WARN: Elevated queue depth — processing lag detected. Affected billing for customer CUST-6039. Resulted in DATA charge of $37.34 (charge CHG-GEN-0FA1EB).
CUST-3079,ACC-3079,LOG-GEN-2EAF9C,APPLICATION,charging-api,CRITICAL,Pod crash-loop-backoff (OOMKilled),trc-5393ef,charging-api-8447af,2026-08-28T09:03:54Z,Kibana/ELK,charging-api CRITICAL: Pod crash-loop-backoff (OOMKilled). Affected billing for customer CUST-3079. Resulted in DATA charge of $49.71 (charge CHG-GEN-9CE2AC).
CUST-3784,ACC-3784,LOG-GEN-486C80,INFRASTRUCTURE,charging-api,CRITICAL,Pod crash-loop-backoff (OOMKilled),trc-6358c3,charging-api-d97b76,2026-08-27T11:02:54Z,Kibana/ELK,charging-api CRITICAL: Pod crash-loop-backoff (OOMKilled). Affected billing for customer CUST-3784. Resulted in DATA charge of $142.0 (charge CHG-GEN-14FEDA).
CUST-4031,ACC-4031,LOG-GEN-7EB3C8,INFRASTRUCTURE,rating-engine,CRITICAL,Pod crash-loop-backoff (OOMKilled),trc-a64000,rating-engine-cba8c8,2026-09-16T10:37:54Z,Kibana/ELK,rating-engine CRITICAL: Pod crash-loop-backoff (OOMKilled). Affected billing for customer CUST-4031. Resulted in DATA charge of $128.44 (charge CHG-GEN-E25FBB).
CUST-2633,ACC-2633,LOG-GEN-A307BD,APPLICATION,mediation-svc,CRITICAL,Pod crash-loop-backoff (OOMKilled),trc-88e9a1,mediation-svc-fc7bf7,2026-08-31T22:15:54Z,Kibana/ELK,mediation-svc CRITICAL: Pod crash-loop-backoff (OOMKilled). Affected billing for customer CUST-2633. Resulted in DATA charge of $92.91 (charge CHG-GEN-6EAAA2).
CUST-8017,ACC-8017,LOG-GEN-A31C51,INFRASTRUCTURE,charging-api,CRITICAL,Pod crash-loop-backoff (OOMKilled),trc-afcb1d,charging-api-de2e0a,2026-08-30T16:17:54Z,Kibana/ELK,charging-api CRITICAL: Pod crash-loop-backoff (OOMKilled). Affected billing for customer CUST-8017. Resulted in DATA charge of $51.54 (charge CHG-GEN-5AE752).
CUST-5696,ACC-5696,LOG-GEN-86D468,INFRASTRUCTURE,charging-api,WARN,Elevated queue depth — processing lag detected,trc-8cf213,charging-api-61bf80,2026-09-14T04:03:54Z,Kibana/ELK,charging-api WARN: Elevated queue depth — processing lag detected. Affected billing for customer CUST-5696. Resulted in DATA charge of $123.15 (charge CHG-GEN-FDB608).
CUST-9647,ACC-9647,LOG-GEN-FB1D40,APPLICATION,mediation-svc,ERROR,NullPointerException in charge-calculation module,trc-492daf,mediation-svc-3f9e0b,2026-09-15T18:50:54Z,Kibana/ELK,mediation-svc ERROR: NullPointerException in charge-calculation module. Affected billing for customer CUST-9647. Resulted in DATA charge of $46.7 (charge CHG-GEN-81D321).
CUST-3280,ACC-3280,LOG-GEN-8D04F2,INFRASTRUCTURE,rating-engine,ERROR,NullPointerException in charge-calculation module,trc-4c1052,rating-engine-427386,2026-09-15T23:51:54Z,Kibana/ELK,rating-engine ERROR: NullPointerException in charge-calculation module. Affected billing for customer CUST-3280. Resulted in DATA charge of $44.51 (charge CHG-GEN-5CDD6B).
CUST-6462,ACC-6462,LOG-GEN-8AE0A0,INFRASTRUCTURE,mediation-svc,WARN,Elevated queue depth — processing lag detected,trc-dc6cde,mediation-svc-560265,2026-09-15T22:50:54Z,Kibana/ELK,mediation-svc WARN: Elevated queue depth — processing lag detected. Affected billing for customer CUST-6462. Resulted in DATA charge of $146.86 (charge CHG-GEN-2382A4).
CUST-2964,ACC-2964,LOG-GEN-B74C61,APPLICATION,charging-api,WARN,Elevated queue depth — processing lag detected,trc-a8325d,charging-api-a9791d,2026-08-29T18:46:54Z,Kibana/ELK,charging-api WARN: Elevated queue depth — processing lag detected. Affected billing for customer CUST-2964. Resulted in DATA charge of $167.35 (charge CHG-GEN-5A8B71).
CUST-6585,ACC-6585,LOG-GEN-2FB149,INFRASTRUCTURE,charging-api,CRITICAL,Pod crash-loop-backoff (OOMKilled),trc-c184ee,charging-api-ea5e5a,2026-09-12T04:02:54Z,Kibana/ELK,charging-api CRITICAL: Pod crash-loop-backoff (OOMKilled). Affected billing for customer CUST-6585. Resulted in DATA charge of $114.53 (charge CHG-GEN-7A6817).
CUST-7026,ACC-7026,LOG-GEN-BF1AC9,INFRASTRUCTURE,billing-gateway,CRITICAL,Pod crash-loop-backoff (OOMKilled),trc-c8c538,billing-gateway-9d9c3c,2026-08-30T19:51:54Z,Kibana/ELK,billing-gateway CRITICAL: Pod crash-loop-backoff (OOMKilled). Affected billing for customer CUST-7026. Resulted in PLAN charge of $164.47 (charge CHG-GEN-4AF9DC).
CUST-9622,ACC-9622,LOG-GEN-B1A87E,INFRASTRUCTURE,charging-api,CRITICAL,Pod crash-loop-backoff (OOMKilled),trc-b88cc4,charging-api-a251a8,2026-09-09T11:05:54Z,Kibana/ELK,charging-api CRITICAL: Pod crash-loop-backoff (OOMKilled). Affected billing for customer CUST-9622. Resulted in DATA charge of $79.82 (charge CHG-GEN-D15FFB).
CUST-2078,ACC-2078,LOG-GEN-7C07FC,INFRASTRUCTURE,mediation-svc,WARN,Elevated queue depth — processing lag detected,trc-352fb3,mediation-svc-f152a6,2026-09-17T02:32:54Z,Kibana/ELK,mediation-svc WARN: Elevated queue depth — processing lag detected. Affected billing for customer CUST-2078. Resulted in DATA charge of $90.24 (charge CHG-GEN-99DB87).
CUST-7621,ACC-7621,LOG-GEN-EE6792,INFRASTRUCTURE,mediation-svc,CRITICAL,Pod crash-loop-backoff (OOMKilled),trc-9fa8c5,mediation-svc-de605e,2026-09-10T03:14:54Z,Kibana/ELK,mediation-svc CRITICAL: Pod crash-loop-backoff (OOMKilled). Affected billing for customer CUST-7621. Resulted in DATA charge of $31.7 (charge CHG-GEN-7E1ABB).
CUST-6082,ACC-6082,LOG-GEN-88C262,INFRASTRUCTURE,charging-api,CRITICAL,Pod crash-loop-backoff (OOMKilled),trc-2f2797,charging-api-827173,2026-09-06T11:12:54Z,Kibana/ELK,charging-api CRITICAL: Pod crash-loop-backoff (OOMKilled). Affected billing for customer CUST-6082. Resulted in DATA charge of $41.55 (charge CHG-GEN-6439EA).
CUST-7990,ACC-7990,LOG-GEN-CC5D64,APPLICATION,charging-api,WARN,Elevated queue depth — processing lag detected,trc-e945a3,charging-api-5c59bc,2026-09-10T01:46:54Z,Kibana/ELK,charging-api WARN: Elevated queue depth — processing lag detected. Affected billing for customer CUST-7990. Resulted in DATA charge of $179.42 (charge CHG-GEN-AA2800).
CUST-3611,ACC-3611,LOG-GEN-DAC0CF,APPLICATION,rating-engine,CRITICAL,Pod crash-loop-backoff (OOMKilled),trc-c672f0,rating-engine-d2e2a5,2026-09-14T22:54:54Z,Kibana/ELK,rating-engine CRITICAL: Pod crash-loop-backoff (OOMKilled). Affected billing for customer CUST-3611. Resulted in DATA charge of $93.39 (charge CHG-GEN-C1EC23).
CUST-8272,ACC-8272,LOG-GEN-6C0FE0,APPLICATION,rating-engine,CRITICAL,Pod crash-loop-backoff (OOMKilled),trc-f66779,rating-engine-f5895d,2026-09-13T09:48:54Z,Kibana/ELK,rating-engine CRITICAL: Pod crash-loop-backoff (OOMKilled). Affected billing for customer CUST-8272. Resulted in DATA charge of $131.38 (charge CHG-GEN-2A8308).
CUST-4980,ACC-4980,LOG-GEN-4FC199,APPLICATION,mediation-svc,WARN,Elevated queue depth — processing lag detected,trc-39625a,mediation-svc-593ee9,2026-09-03T12:56:54Z,Kibana/ELK,mediation-svc WARN: Elevated queue depth — processing lag detected. Affected billing for customer CUST-4980. Resulted in DATA charge of $36.25 (charge CHG-GEN-9B4BE5).
CUST-2706,ACC-2706,LOG-GEN-337E63,APPLICATION,mediation-svc,CRITICAL,Pod crash-loop-backoff (OOMKilled),trc-ae06c5,mediation-svc-40ec4d,2026-09-01T16:18:54Z,Kibana/ELK,mediation-svc CRITICAL: Pod crash-loop-backoff (OOMKilled). Affected billing for customer CUST-2706. Resulted in DATA charge of $113.92 (charge CHG-GEN-8284DD).
CUST-9613,ACC-9613,LOG-GEN-023AC7,APPLICATION,mediation-svc,CRITICAL,Pod crash-loop-backoff (OOMKilled),trc-bcac4b,mediation-svc-fb82ac,2026-09-06T07:01:54Z,Kibana/ELK,mediation-svc CRITICAL: Pod crash-loop-backoff (OOMKilled). Affected billing for customer CUST-9613. Resulted in DATA charge of $111.3 (charge CHG-GEN-8FCBE9).
CUST-9933,ACC-9933,LOG-GEN-423844,INFRASTRUCTURE,mediation-svc,ERROR,NullPointerException in charge-calculation module,trc-c5e8b7,mediation-svc-e5c87b,2026-08-28T09:47:54Z,Kibana/ELK,mediation-svc ERROR: NullPointerException in charge-calculation module. Affected billing for customer CUST-9933. Resulted in DATA charge of $86.49 (charge CHG-GEN-CD3DBC).
CUST-2719,ACC-2719,LOG-GEN-A95CB4,APPLICATION,billing-gateway,ERROR,NullPointerException in charge-calculation module,trc-8c33a4,billing-gateway-01b3cd,2026-09-04T06:37:54Z,Kibana/ELK,billing-gateway ERROR: NullPointerException in charge-calculation module. Affected billing for customer CUST-2719. Resulted in PLAN charge of $61.71 (charge CHG-GEN-149281).
CUST-3318,ACC-3318,LOG-GEN-458BC4,APPLICATION,charging-api,CRITICAL,Pod crash-loop-backoff (OOMKilled),trc-2b0ea0,charging-api-e3c5b5,2026-09-12T14:17:54Z,Kibana/ELK,charging-api CRITICAL: Pod crash-loop-backoff (OOMKilled). Affected billing for customer CUST-3318. Resulted in DATA charge of $176.57 (charge CHG-GEN-9B022A).
CUST-6094,ACC-6094,LOG-GEN-3140FE,APPLICATION,mediation-svc,CRITICAL,Pod crash-loop-backoff (OOMKilled),trc-085c92,mediation-svc-dc9f56,2026-09-16T10:18:54Z,Kibana/ELK,mediation-svc CRITICAL: Pod crash-loop-backoff (OOMKilled). Affected billing for customer CUST-6094. Resulted in DATA charge of $114.55 (charge CHG-GEN-A54655).
CUST-5775,ACC-5775,LOG-GEN-F17DDF,APPLICATION,charging-api,WARN,Elevated queue depth — processing lag detected,trc-a1461f,charging-api-95292c,2026-09-07T22:50:54Z,Kibana/ELK,charging-api WARN: Elevated queue depth — processing lag detected. Affected billing for customer CUST-5775. Resulted in DATA charge of $89.48 (charge CHG-GEN-EF746F).
CUST-2342,ACC-2342,LOG-GEN-646F60,APPLICATION,rating-engine,WARN,Elevated queue depth — processing lag detected,trc-cbd09d,rating-engine-c4115e,2026-09-15T01:40:54Z,Kibana/ELK,rating-engine WARN: Elevated queue depth — processing lag detected. Affected billing for customer CUST-2342. Resulted in DATA charge of $168.77 (charge CHG-GEN-4A5F34).
CUST-5927,ACC-5927,LOG-GEN-82646D,INFRASTRUCTURE,billing-gateway,CRITICAL,Pod crash-loop-backoff (OOMKilled),trc-ed1161,billing-gateway-6704db,2026-09-02T07:00:54Z,Kibana/ELK,billing-gateway CRITICAL: Pod crash-loop-backoff (OOMKilled). Affected billing for customer CUST-5927. Resulted in PLAN charge of $67.3 (charge CHG-GEN-104A03).
CUST-5542,ACC-5542,LOG-GEN-74C8CC,APPLICATION,rating-engine,CRITICAL,Pod crash-loop-backoff (OOMKilled),trc-6fd4da,rating-engine-95f151,2026-09-13T02:46:54Z,Kibana/ELK,rating-engine CRITICAL: Pod crash-loop-backoff (OOMKilled). Affected billing for customer CUST-5542. Resulted in DATA charge of $147.15 (charge CHG-GEN-B0F7B2).
CUST-6895,ACC-6895,LOG-GEN-977F3B,INFRASTRUCTURE,rating-engine,ERROR,NullPointerException in charge-calculation module,trc-b419e8,rating-engine-4b0fc6,2026-08-28T09:18:54Z,Kibana/ELK,rating-engine ERROR: NullPointerException in charge-calculation module. Affected billing for customer CUST-6895. Resulted in DATA charge of $154.4 (charge CHG-GEN-E6F7E3).
CUST-4477,ACC-4477,LOG-GEN-828DE1,INFRASTRUCTURE,billing-gateway,CRITICAL,Pod crash-loop-backoff (OOMKilled),trc-f5bcbc,billing-gateway-8b033b,2026-09-04T01:22:54Z,Kibana/ELK,billing-gateway CRITICAL: Pod crash-loop-backoff (OOMKilled). Affected billing for customer CUST-4477. Resulted in PLAN charge of $96.22 (charge CHG-GEN-B30681).
CUST-2263,ACC-2263,LOG-GEN-AB3320,INFRASTRUCTURE,charging-api,ERROR,NullPointerException in charge-calculation module,trc-dfa912,charging-api-b398bf,2026-08-29T17:55:54Z,Kibana/ELK,charging-api ERROR: NullPointerException in charge-calculation module. Affected billing for customer CUST-2263. Resulted in DATA charge of $35.09 (charge CHG-GEN-DD1B55).
CUST-6399,ACC-6399,LOG-GEN-D1647A,APPLICATION,rating-engine,WARN,Elevated queue depth — processing lag detected,trc-2103e3,rating-engine-14a0eb,2026-09-06T19:31:54Z,Kibana/ELK,rating-engine WARN: Elevated queue depth — processing lag detected. Affected billing for customer CUST-6399. Resulted in DATA charge of $41.81 (charge CHG-GEN-176F40).
CUST-9450,ACC-9450,LOG-GEN-8E1B84,INFRASTRUCTURE,rating-engine,CRITICAL,Pod crash-loop-backoff (OOMKilled),trc-822dd3,rating-engine-e0e5ae,2026-09-10T18:57:54Z,Kibana/ELK,rating-engine CRITICAL: Pod crash-loop-backoff (OOMKilled). Affected billing for customer CUST-9450. Resulted in DATA charge of $157.69 (charge CHG-GEN-1758C1).
CUST-3710,ACC-3710,LOG-GEN-B5F0FB,APPLICATION,billing-gateway,ERROR,NullPointerException in charge-calculation module,trc-4d6b8c,billing-gateway-72ca50,2026-09-04T05:04:54Z,Kibana/ELK,billing-gateway ERROR: NullPointerException in charge-calculation module. Affected billing for customer CUST-3710. Resulted in PLAN charge of $160.79 (charge CHG-GEN-0609BB).
CUST-7488,ACC-7488,LOG-GEN-FBE4CC,APPLICATION,charging-api,CRITICAL,Pod crash-loop-backoff (OOMKilled),trc-ad84f6,charging-api-65a500,2026-08-27T11:15:54Z,Kibana/ELK,charging-api CRITICAL: Pod crash-loop-backoff (OOMKilled). Affected billing for customer CUST-7488. Resulted in DATA charge of $154.53 (charge CHG-GEN-D69B3E).
CUST-3136,ACC-3136,LOG-GEN-404026,APPLICATION,billing-gateway,ERROR,NullPointerException in charge-calculation module,trc-6a13b2,billing-gateway-f4e483,2026-09-14T15:59:54Z,Kibana/ELK,billing-gateway ERROR: NullPointerException in charge-calculation module. Affected billing for customer CUST-3136. Resulted in PLAN charge of $34.74 (charge CHG-GEN-ACCFF5).
CUST-9025,ACC-9025,LOG-GEN-B24F83,INFRASTRUCTURE,charging-api,ERROR,NullPointerException in charge-calculation module,trc-378adf,charging-api-8d4772,2026-09-04T23:50:54Z,Kibana/ELK,charging-api ERROR: NullPointerException in charge-calculation module. Affected billing for customer CUST-9025. Resulted in DATA charge of $40.66 (charge CHG-GEN-DAA6E3).
CUST-7823,ACC-7823,LOG-GEN-05C428,APPLICATION,rating-engine,CRITICAL,Pod crash-loop-backoff (OOMKilled),trc-38230c,rating-engine-638a41,2026-09-08T00:20:54Z,Kibana/ELK,rating-engine CRITICAL: Pod crash-loop-backoff (OOMKilled). Affected billing for customer CUST-7823. Resulted in DATA charge of $145.17 (charge CHG-GEN-60C059).
CUST-2859,ACC-2859,LOG-GEN-925E6F,INFRASTRUCTURE,mediation-svc,ERROR,NullPointerException in charge-calculation module,trc-31ade1,mediation-svc-d9a09c,2026-09-06T13:51:54Z,Kibana/ELK,mediation-svc ERROR: NullPointerException in charge-calculation module. Affected billing for customer CUST-2859. Resulted in DATA charge of $61.3 (charge CHG-GEN-F11449).
CUST-5870,ACC-5870,LOG-GEN-5301FB,APPLICATION,rating-engine,CRITICAL,Pod crash-loop-backoff (OOMKilled),trc-59fd29,rating-engine-365eb2,2026-09-08T02:41:54Z,Kibana/ELK,rating-engine CRITICAL: Pod crash-loop-backoff (OOMKilled). Affected billing for customer CUST-5870. Resulted in DATA charge of $154.83 (charge CHG-GEN-DBF9E9).
CUST-9043,ACC-9043,LOG-GEN-922BF1,APPLICATION,charging-api,CRITICAL,Pod crash-loop-backoff (OOMKilled),trc-99405b,charging-api-f532eb,2026-09-15T16:03:54Z,Kibana/ELK,charging-api CRITICAL: Pod crash-loop-backoff (OOMKilled). Affected billing for customer CUST-9043. Resulted in DATA charge of $53.04 (charge CHG-GEN-029A5D).
CUST-3489,ACC-3489,LOG-GEN-E5FF9C,APPLICATION,mediation-svc,WARN,Elevated queue depth — processing lag detected,trc-e5a0f0,mediation-svc-3d0ace,2026-09-11T06:15:54Z,Kibana/ELK,mediation-svc WARN: Elevated queue depth — processing lag detected. Affected billing for customer CUST-3489. Resulted in DATA charge of $91.61 (charge CHG-GEN-4DB71F).
CUST-2681,ACC-2681,LOG-GEN-4C1678,INFRASTRUCTURE,rating-engine,CRITICAL,Pod crash-loop-backoff (OOMKilled),trc-5705ff,rating-engine-e72325,2026-08-29T08:53:54Z,Kibana/ELK,rating-engine CRITICAL: Pod crash-loop-backoff (OOMKilled). Affected billing for customer CUST-2681. Resulted in DATA charge of $100.11 (charge CHG-GEN-35253E).
CUST-2676,ACC-2676,LOG-GEN-F02F25,APPLICATION,mediation-svc,ERROR,NullPointerException in charge-calculation module,trc-1cf2df,mediation-svc-06f782,2026-09-03T03:31:54Z,Kibana/ELK,mediation-svc ERROR: NullPointerException in charge-calculation module. Affected billing for customer CUST-2676. Resulted in DATA charge of $35.06 (charge CHG-GEN-6B3054).
