customer_id,account_id,failure_id,failure_type,severity,affected_service,affected_site,event_date,duration_minutes,impact_description
CUST-6360,ACC-6360,NF-GEN-B3DBFC,CELL_OUTAGE,LOW,DATA+VOICE,SITE-UAE-DXB-01,2026-09-11T07:11:54Z,39,CELL_OUTAGE at SITE-UAE-DXB-01 for 39 minutes. Affected DATA+VOICE service for customer CUST-6360. Resulted in DATA charge of $75.26 (charge CHG-GEN-CAD6E8).
CUST-9175,ACC-9175,NF-GEN-69DF08,CONGESTION,LOW,DATA,SITE-ES-MAD-009,2026-09-13T21:54:54Z,198,CONGESTION at SITE-ES-MAD-009 for 198 minutes. Affected DATA service for customer CUST-9175. Resulted in DATA charge of $71.64 (charge CHG-GEN-751FEB).
CUST-3963,ACC-3963,NF-GEN-B7B265,CONGESTION,CRITICAL,DATA,SITE-DE-BER-002,2026-09-16T18:38:54Z,182,CONGESTION at SITE-DE-BER-002 for 182 minutes. Affected DATA service for customer CUST-3963. Resulted in DATA charge of $111.31 (charge CHG-GEN-F48A39).
CUST-8282,ACC-8282,NF-GEN-D05F1C,SIGNAL_DEGRADATION,LOW,DATA+VOICE,SITE-ES-MAD-009,2026-09-08T01:29:54Z,157,SIGNAL_DEGRADATION at SITE-ES-MAD-009 for 157 minutes. Affected DATA+VOICE service for customer CUST-8282. Resulted in VOICE charge of $157.28 (charge CHG-GEN-03B164).
CUST-2392,ACC-2392,NF-GEN-AE4945,CONGESTION,MEDIUM,DATA+VOICE,SITE-UAE-DXB-01,2026-09-02T22:27:54Z,76,CONGESTION at SITE-UAE-DXB-01 for 76 minutes. Affected DATA+VOICE service for customer CUST-2392. Resulted in DATA charge of $109.05 (charge CHG-GEN-E1A52D).
CUST-8622,ACC-8622,NF-GEN-5730C9,CONGESTION,MEDIUM,DATA+VOICE,SITE-ES-MAD-009,2026-08-31T00:47:54Z,194,CONGESTION at SITE-ES-MAD-009 for 194 minutes. Affected DATA+VOICE service for customer CUST-8622. Resulted in DATA charge of $89.54 (charge CHG-GEN-7C33B2).
CUST-4874,ACC-4874,NF-GEN-DA57FA,CELL_OUTAGE,CRITICAL,DATA+VOICE,SITE-UAE-DXB-01,2026-08-28T04:11:54Z,159,CELL_OUTAGE at SITE-UAE-DXB-01 for 159 minutes. Affected DATA+VOICE service for customer CUST-4874. Resulted in DATA charge of $37.45 (charge CHG-GEN-4CAC1C).
CUST-3471,ACC-3471,NF-GEN-CE936C,ROAMING_PARTNER_OUTAGE,LOW,ROAMING,SITE-FR-PAR-021,2026-09-13T23:45:54Z,45,ROAMING_PARTNER_OUTAGE at SITE-FR-PAR-021 for 45 minutes. Affected ROAMING service for customer CUST-3471. Resulted in ROAMING charge of $128.68 (charge CHG-GEN-48C904).
CUST-9221,ACC-9221,NF-GEN-94574E,ROAMING_PARTNER_OUTAGE,LOW,ROAMING,SITE-FR-PAR-021,2026-09-15T13:58:54Z,159,ROAMING_PARTNER_OUTAGE at SITE-FR-PAR-021 for 159 minutes. Affected ROAMING service for customer CUST-9221. Resulted in ROAMING charge of $119.23 (charge CHG-GEN-03AAFD).
CUST-8197,ACC-8197,NF-GEN-B7C264,ROAMING_PARTNER_OUTAGE,HIGH,ROAMING,SITE-ES-MAD-009,2026-09-09T22:44:54Z,210,ROAMING_PARTNER_OUTAGE at SITE-ES-MAD-009 for 210 minutes. Affected ROAMING service for customer CUST-8197. Resulted in ROAMING charge of $105.46 (charge CHG-GEN-6FCA0D).
CUST-7590,ACC-7590,NF-GEN-7E0ACE,CONGESTION,LOW,DATA+VOICE,SITE-FR-PAR-021,2026-08-29T14:55:54Z,184,CONGESTION at SITE-FR-PAR-021 for 184 minutes. Affected DATA+VOICE service for customer CUST-7590. Resulted in DATA charge of $143.95 (charge CHG-GEN-851C3B).
CUST-7159,ACC-7159,NF-GEN-D0DDB6,ROAMING_PARTNER_OUTAGE,HIGH,ROAMING,SITE-DE-BER-002,2026-08-27T15:39:54Z,145,ROAMING_PARTNER_OUTAGE at SITE-DE-BER-002 for 145 minutes. Affected ROAMING service for customer CUST-7159. Resulted in ROAMING charge of $174.55 (charge CHG-GEN-952F52).
CUST-9134,ACC-9134,NF-GEN-3C178B,SIGNAL_DEGRADATION,LOW,DATA+VOICE,SITE-DE-BER-002,2026-09-12T02:22:54Z,98,SIGNAL_DEGRADATION at SITE-DE-BER-002 for 98 minutes. Affected DATA+VOICE service for customer CUST-9134. Resulted in VOICE charge of $168.4 (charge CHG-GEN-DCBE16).
CUST-3004,ACC-3004,NF-GEN-930E01,CONGESTION,CRITICAL,DATA+VOICE,SITE-DE-BER-002,2026-09-11T05:16:54Z,231,CONGESTION at SITE-DE-BER-002 for 231 minutes. Affected DATA+VOICE service for customer CUST-3004. Resulted in DATA charge of $123.47 (charge CHG-GEN-E83063).
CUST-5252,ACC-5252,NF-GEN-76F55A,CONGESTION,LOW,DATA+VOICE,SITE-ES-MAD-009,2026-09-09T13:31:54Z,66,CONGESTION at SITE-ES-MAD-009 for 66 minutes. Affected DATA+VOICE service for customer CUST-5252. Resulted in DATA charge of $74.56 (charge CHG-GEN-1589F2).
CUST-8695,ACC-8695,NF-GEN-C31BDC,ROAMING_PARTNER_OUTAGE,HIGH,ROAMING,SITE-DE-BER-002,2026-09-10T04:49:54Z,208,ROAMING_PARTNER_OUTAGE at SITE-DE-BER-002 for 208 minutes. Affected ROAMING service for customer CUST-8695. Resulted in ROAMING charge of $88.35 (charge CHG-GEN-3176D5).
CUST-7352,ACC-7352,NF-GEN-C40B48,CELL_OUTAGE,MEDIUM,VOICE,SITE-DE-BER-002,2026-09-09T21:05:54Z,27,CELL_OUTAGE at SITE-DE-BER-002 for 27 minutes. Affected VOICE service for customer CUST-7352. Resulted in DATA charge of $74.8 (charge CHG-GEN-993E12).
CUST-6825,ACC-6825,NF-GEN-D7D51A,CONGESTION,LOW,DATA+VOICE,SITE-FR-PAR-021,2026-09-03T08:12:54Z,230,CONGESTION at SITE-FR-PAR-021 for 230 minutes. Affected DATA+VOICE service for customer CUST-6825. Resulted in DATA charge of $57.43 (charge CHG-GEN-F43BF5).
CUST-4680,ACC-4680,NF-GEN-27065E,CELL_OUTAGE,LOW,DATA,SITE-UK-LON-014,2026-09-09T07:03:54Z,109,CELL_OUTAGE at SITE-UK-LON-014 for 109 minutes. Affected DATA service for customer CUST-4680. Resulted in DATA charge of $143.15 (charge CHG-GEN-2D5D15).
CUST-8538,ACC-8538,NF-GEN-AA5A59,CONGESTION,HIGH,DATA,SITE-DE-BER-002,2026-09-07T05:31:54Z,142,CONGESTION at SITE-DE-BER-002 for 142 minutes. Affected DATA service for customer CUST-8538. Resulted in DATA charge of $73.84 (charge CHG-GEN-8669D0).
CUST-2615,ACC-2615,NF-GEN-25FC7B,CELL_OUTAGE,HIGH,DATA,SITE-DE-BER-002,2026-08-27T10:53:54Z,154,CELL_OUTAGE at SITE-DE-BER-002 for 154 minutes. Affected DATA service for customer CUST-2615. Resulted in DATA charge of $126.31 (charge CHG-GEN-425084).
CUST-3660,ACC-3660,NF-GEN-49650C,CONGESTION,CRITICAL,DATA+VOICE,SITE-ES-MAD-009,2026-09-11T00:02:54Z,128,CONGESTION at SITE-ES-MAD-009 for 128 minutes. Affected DATA+VOICE service for customer CUST-3660. Resulted in DATA charge of $127.2 (charge CHG-GEN-0D6DB0).
CUST-2652,ACC-2652,NF-GEN-1E0010,CONGESTION,CRITICAL,DATA,SITE-FR-PAR-021,2026-09-13T03:52:54Z,100,CONGESTION at SITE-FR-PAR-021 for 100 minutes. Affected DATA service for customer CUST-2652. Resulted in DATA charge of $86.38 (charge CHG-GEN-B74578).
CUST-2092,ACC-2092,NF-GEN-7916BA,SIGNAL_DEGRADATION,LOW,VOICE,SITE-UAE-DXB-01,2026-08-31T06:36:54Z,68,SIGNAL_DEGRADATION at SITE-UAE-DXB-01 for 68 minutes. Affected VOICE service for customer CUST-2092. Resulted in VOICE charge of $136.55 (charge CHG-GEN-746C3B).
CUST-7899,ACC-7899,NF-GEN-648EA8,CONGESTION,CRITICAL,DATA,SITE-FR-PAR-021,2026-08-31T01:38:54Z,201,CONGESTION at SITE-FR-PAR-021 for 201 minutes. Affected DATA service for customer CUST-7899. Resulted in DATA charge of $90.03 (charge CHG-GEN-6A17F8).
CUST-5615,ACC-5615,NF-GEN-AD71C3,SIGNAL_DEGRADATION,CRITICAL,VOICE,SITE-DE-BER-002,2026-08-28T10:11:54Z,41,SIGNAL_DEGRADATION at SITE-DE-BER-002 for 41 minutes. Affected VOICE service for customer CUST-5615. Resulted in VOICE charge of $101.43 (charge CHG-GEN-F50408).
CUST-8343,ACC-8343,NF-GEN-CE95E0,CONGESTION,LOW,VOICE,SITE-UAE-DXB-01,2026-09-11T06:40:54Z,168,CONGESTION at SITE-UAE-DXB-01 for 168 minutes. Affected VOICE service for customer CUST-8343. Resulted in DATA charge of $89.89 (charge CHG-GEN-4B9412).
CUST-6463,ACC-6463,NF-GEN-9A7485,CONGESTION,CRITICAL,DATA+VOICE,SITE-UAE-DXB-01,2026-09-07T03:23:54Z,35,CONGESTION at SITE-UAE-DXB-01 for 35 minutes. Affected DATA+VOICE service for customer CUST-6463. Resulted in DATA charge of $163.12 (charge CHG-GEN-5BCD1F).
CUST-3853,ACC-3853,NF-GEN-A67E28,ROAMING_PARTNER_OUTAGE,MEDIUM,ROAMING,SITE-FR-PAR-021,2026-08-30T00:42:54Z,101,ROAMING_PARTNER_OUTAGE at SITE-FR-PAR-021 for 101 minutes. Affected ROAMING service for customer CUST-3853. Resulted in ROAMING charge of $130.92 (charge CHG-GEN-331AF5).
CUST-4286,ACC-4286,NF-GEN-69FD13,CONGESTION,MEDIUM,DATA,SITE-ES-MAD-009,2026-09-13T22:57:54Z,143,CONGESTION at SITE-ES-MAD-009 for 143 minutes. Affected DATA service for customer CUST-4286. Resulted in DATA charge of $32.72 (charge CHG-GEN-BE284D).
CUST-2103,ACC-2103,NF-GEN-21DF62,CONGESTION,HIGH,DATA,SITE-DE-BER-002,2026-09-13T19:56:54Z,238,CONGESTION at SITE-DE-BER-002 for 238 minutes. Affected DATA service for customer CUST-2103. Resulted in DATA charge of $43.27 (charge CHG-GEN-19F908).
CUST-5178,ACC-5178,NF-GEN-955E42,CONGESTION,MEDIUM,DATA+VOICE,SITE-ES-MAD-009,2026-09-02T13:34:54Z,126,CONGESTION at SITE-ES-MAD-009 for 126 minutes. Affected DATA+VOICE service for customer CUST-5178. Resulted in DATA charge of $90.26 (charge CHG-GEN-ADC769).
CUST-2017,ACC-2017,NF-GEN-DF2A40,ROAMING_PARTNER_OUTAGE,CRITICAL,ROAMING,SITE-ES-MAD-009,2026-09-07T21:57:54Z,163,ROAMING_PARTNER_OUTAGE at SITE-ES-MAD-009 for 163 minutes. Affected ROAMING service for customer CUST-2017. Resulted in ROAMING charge of $59.42 (charge CHG-GEN-5E1D87).
CUST-2495,ACC-2495,NF-GEN-94A46B,CONGESTION,LOW,VOICE,SITE-UAE-DXB-01,2026-09-01T20:57:54Z,185,CONGESTION at SITE-UAE-DXB-01 for 185 minutes. Affected VOICE service for customer CUST-2495. Resulted in DATA charge of $35.7 (charge CHG-GEN-52E023).
CUST-4347,ACC-4347,NF-GEN-7051CE,ROAMING_PARTNER_OUTAGE,LOW,ROAMING,SITE-DE-BER-002,2026-08-27T07:50:54Z,180,ROAMING_PARTNER_OUTAGE at SITE-DE-BER-002 for 180 minutes. Affected ROAMING service for customer CUST-4347. Resulted in ROAMING charge of $57.75 (charge CHG-GEN-FE8C23).
CUST-4875,ACC-4875,NF-GEN-D31D1A,ROAMING_PARTNER_OUTAGE,LOW,ROAMING,SITE-ES-MAD-009,2026-08-28T07:34:54Z,125,ROAMING_PARTNER_OUTAGE at SITE-ES-MAD-009 for 125 minutes. Affected ROAMING service for customer CUST-4875. Resulted in ROAMING charge of $125.3 (charge CHG-GEN-61D735).
CUST-6943,ACC-6943,NF-GEN-1633D3,CELL_OUTAGE,LOW,VOICE,SITE-FR-PAR-021,2026-08-29T18:24:54Z,18,CELL_OUTAGE at SITE-FR-PAR-021 for 18 minutes. Affected VOICE service for customer CUST-6943. Resulted in DATA charge of $90.14 (charge CHG-GEN-0FE4A9).
CUST-4943,ACC-4943,NF-GEN-A92015,SIGNAL_DEGRADATION,LOW,DATA,SITE-UK-LON-014,2026-09-06T09:19:54Z,184,SIGNAL_DEGRADATION at SITE-UK-LON-014 for 184 minutes. Affected DATA service for customer CUST-4943. Resulted in VOICE charge of $96.41 (charge CHG-GEN-6DE1EF).
CUST-2326,ACC-2326,NF-GEN-ACCA0D,SIGNAL_DEGRADATION,LOW,DATA,SITE-UK-LON-014,2026-09-05T22:14:54Z,79,SIGNAL_DEGRADATION at SITE-UK-LON-014 for 79 minutes. Affected DATA service for customer CUST-2326. Resulted in VOICE charge of $56.15 (charge CHG-GEN-FC03C2).
CUST-4046,ACC-4046,NF-GEN-5EA777,CELL_OUTAGE,LOW,DATA,SITE-FR-PAR-021,2026-08-30T09:16:54Z,169,CELL_OUTAGE at SITE-FR-PAR-021 for 169 minutes. Affected DATA service for customer CUST-4046. Resulted in DATA charge of $87.66 (charge CHG-GEN-3327B5).
CUST-6221,ACC-6221,NF-GEN-C704D6,CELL_OUTAGE,CRITICAL,DATA+VOICE,SITE-DE-BER-002,2026-08-30T08:45:54Z,17,CELL_OUTAGE at SITE-DE-BER-002 for 17 minutes. Affected DATA+VOICE service for customer CUST-6221. Resulted in DATA charge of $34.15 (charge CHG-GEN-8CFBD6).
CUST-2742,ACC-2742,NF-GEN-6609A2,CONGESTION,CRITICAL,DATA+VOICE,SITE-FR-PAR-021,2026-09-08T13:06:54Z,53,CONGESTION at SITE-FR-PAR-021 for 53 minutes. Affected DATA+VOICE service for customer CUST-2742. Resulted in DATA charge of $86.66 (charge CHG-GEN-ABAA99).
CUST-5500,ACC-5500,NF-GEN-AC9BA4,CONGESTION,CRITICAL,DATA,SITE-DE-BER-002,2026-08-27T06:16:54Z,180,CONGESTION at SITE-DE-BER-002 for 180 minutes. Affected DATA service for customer CUST-5500. Resulted in DATA charge of $85.11 (charge CHG-GEN-596B46).
CUST-5636,ACC-5636,NF-GEN-F9105E,ROAMING_PARTNER_OUTAGE,MEDIUM,ROAMING,SITE-DE-BER-002,2026-09-11T06:30:54Z,89,ROAMING_PARTNER_OUTAGE at SITE-DE-BER-002 for 89 minutes. Affected ROAMING service for customer CUST-5636. Resulted in ROAMING charge of $165.05 (charge CHG-GEN-225A80).
CUST-3116,ACC-3116,NF-GEN-6A06E7,CONGESTION,MEDIUM,DATA+VOICE,SITE-DE-BER-002,2026-09-15T06:16:54Z,117,CONGESTION at SITE-DE-BER-002 for 117 minutes. Affected DATA+VOICE service for customer CUST-3116. Resulted in DATA charge of $150.47 (charge CHG-GEN-EEC510).
CUST-5889,ACC-5889,NF-GEN-2211DE,SIGNAL_DEGRADATION,HIGH,VOICE,SITE-UAE-DXB-01,2026-09-11T21:55:54Z,20,SIGNAL_DEGRADATION at SITE-UAE-DXB-01 for 20 minutes. Affected VOICE service for customer CUST-5889. Resulted in VOICE charge of $78.14 (charge CHG-GEN-F1D540).
CUST-3132,ACC-3132,NF-GEN-81C2C9,ROAMING_PARTNER_OUTAGE,MEDIUM,ROAMING,SITE-FR-PAR-021,2026-09-01T00:02:54Z,206,ROAMING_PARTNER_OUTAGE at SITE-FR-PAR-021 for 206 minutes. Affected ROAMING service for customer CUST-3132. Resulted in ROAMING charge of $136.05 (charge CHG-GEN-36BFC0).
CUST-6570,ACC-6570,NF-GEN-08AD4D,SIGNAL_DEGRADATION,CRITICAL,DATA+VOICE,SITE-UK-LON-014,2026-09-08T17:45:54Z,111,SIGNAL_DEGRADATION at SITE-UK-LON-014 for 111 minutes. Affected DATA+VOICE service for customer CUST-6570. Resulted in VOICE charge of $34.71 (charge CHG-GEN-53FDCF).
CUST-2632,ACC-2632,NF-GEN-E548A3,SIGNAL_DEGRADATION,LOW,DATA+VOICE,SITE-ES-MAD-009,2026-09-15T06:26:54Z,212,SIGNAL_DEGRADATION at SITE-ES-MAD-009 for 212 minutes. Affected DATA+VOICE service for customer CUST-2632. Resulted in VOICE charge of $107.55 (charge CHG-GEN-E2A79F).
CUST-8690,ACC-8690,NF-GEN-FFB1F1,CELL_OUTAGE,HIGH,DATA,SITE-FR-PAR-021,2026-09-15T15:09:54Z,229,CELL_OUTAGE at SITE-FR-PAR-021 for 229 minutes. Affected DATA service for customer CUST-8690. Resulted in DATA charge of $55.04 (charge CHG-GEN-6B21F7).
CUST-6594,ACC-6594,NF-GEN-B50DB4,CELL_OUTAGE,HIGH,VOICE,SITE-UAE-DXB-01,2026-08-27T16:29:54Z,59,CELL_OUTAGE at SITE-UAE-DXB-01 for 59 minutes. Affected VOICE service for customer CUST-6594. Resulted in DATA charge of $72.93 (charge CHG-GEN-42691C).
CUST-9691,ACC-9691,NF-GEN-F972BC,ROAMING_PARTNER_OUTAGE,HIGH,ROAMING,SITE-FR-PAR-021,2026-09-16T14:08:54Z,165,ROAMING_PARTNER_OUTAGE at SITE-FR-PAR-021 for 165 minutes. Affected ROAMING service for customer CUST-9691. Resulted in ROAMING charge of $56.77 (charge CHG-GEN-35C9B4).
CUST-4829,ACC-4829,NF-GEN-E6AA02,CELL_OUTAGE,HIGH,VOICE,SITE-UK-LON-014,2026-09-11T21:08:54Z,126,CELL_OUTAGE at SITE-UK-LON-014 for 126 minutes. Affected VOICE service for customer CUST-4829. Resulted in DATA charge of $37.44 (charge CHG-GEN-193C0C).
CUST-6609,ACC-6609,NF-GEN-0B7AD4,SIGNAL_DEGRADATION,LOW,DATA,SITE-UAE-DXB-01,2026-09-14T11:17:54Z,130,SIGNAL_DEGRADATION at SITE-UAE-DXB-01 for 130 minutes. Affected DATA service for customer CUST-6609. Resulted in VOICE charge of $59.49 (charge CHG-GEN-06EAF3).
CUST-5794,ACC-5794,NF-GEN-3CD377,CONGESTION,HIGH,DATA,SITE-UAE-DXB-01,2026-09-01T03:52:54Z,63,CONGESTION at SITE-UAE-DXB-01 for 63 minutes. Affected DATA service for customer CUST-5794. Resulted in DATA charge of $139.39 (charge CHG-GEN-FFF989).
CUST-6783,ACC-6783,NF-GEN-D09E05,CELL_OUTAGE,LOW,DATA,SITE-DE-BER-002,2026-09-10T07:24:54Z,53,CELL_OUTAGE at SITE-DE-BER-002 for 53 minutes. Affected DATA service for customer CUST-6783. Resulted in DATA charge of $96.86 (charge CHG-GEN-441F5C).
CUST-9973,ACC-9973,NF-GEN-F7ECD9,SIGNAL_DEGRADATION,HIGH,DATA,SITE-UAE-DXB-01,2026-09-07T16:50:54Z,230,SIGNAL_DEGRADATION at SITE-UAE-DXB-01 for 230 minutes. Affected DATA service for customer CUST-9973. Resulted in VOICE charge of $131.34 (charge CHG-GEN-159A43).
CUST-3405,ACC-3405,NF-GEN-A8D6CE,CONGESTION,MEDIUM,DATA+VOICE,SITE-UAE-DXB-01,2026-09-03T03:04:54Z,169,CONGESTION at SITE-UAE-DXB-01 for 169 minutes. Affected DATA+VOICE service for customer CUST-3405. Resulted in DATA charge of $106.11 (charge CHG-GEN-49631E).
CUST-9988,ACC-9988,NF-GEN-21D545,ROAMING_PARTNER_OUTAGE,LOW,ROAMING,SITE-UK-LON-014,2026-09-16T05:49:54Z,30,ROAMING_PARTNER_OUTAGE at SITE-UK-LON-014 for 30 minutes. Affected ROAMING service for customer CUST-9988. Resulted in ROAMING charge of $129.95 (charge CHG-GEN-164900).
CUST-2637,ACC-2637,NF-GEN-FC8990,CONGESTION,MEDIUM,DATA+VOICE,SITE-UK-LON-014,2026-09-14T11:23:54Z,231,CONGESTION at SITE-UK-LON-014 for 231 minutes. Affected DATA+VOICE service for customer CUST-2637. Resulted in DATA charge of $127.64 (charge CHG-GEN-63F7A5).
CUST-4398,ACC-4398,NF-GEN-DD4A8F,CONGESTION,HIGH,DATA+VOICE,SITE-UAE-DXB-01,2026-09-16T09:23:54Z,109,CONGESTION at SITE-UAE-DXB-01 for 109 minutes. Affected DATA+VOICE service for customer CUST-4398. Resulted in DATA charge of $125.74 (charge CHG-GEN-67F9D7).
CUST-3052,ACC-3052,NF-GEN-07FF22,SIGNAL_DEGRADATION,LOW,DATA+VOICE,SITE-FR-PAR-021,2026-09-09T21:48:54Z,119,SIGNAL_DEGRADATION at SITE-FR-PAR-021 for 119 minutes. Affected DATA+VOICE service for customer CUST-3052. Resulted in VOICE charge of $65.74 (charge CHG-GEN-8CFDDB).
CUST-3532,ACC-3532,NF-GEN-6E1638,ROAMING_PARTNER_OUTAGE,MEDIUM,ROAMING,SITE-FR-PAR-021,2026-09-07T08:25:54Z,20,ROAMING_PARTNER_OUTAGE at SITE-FR-PAR-021 for 20 minutes. Affected ROAMING service for customer CUST-3532. Resulted in ROAMING charge of $143.16 (charge CHG-GEN-E02810).
CUST-9615,ACC-9615,NF-GEN-E83B22,CONGESTION,HIGH,VOICE,SITE-UAE-DXB-01,2026-09-16T08:59:54Z,106,CONGESTION at SITE-UAE-DXB-01 for 106 minutes. Affected VOICE service for customer CUST-9615. Resulted in DATA charge of $63.43 (charge CHG-GEN-F11373).
CUST-4510,ACC-4510,NF-GEN-A2B2A6,CONGESTION,HIGH,DATA,SITE-UAE-DXB-01,2026-08-30T07:48:54Z,135,CONGESTION at SITE-UAE-DXB-01 for 135 minutes. Affected DATA service for customer CUST-4510. Resulted in DATA charge of $49.82 (charge CHG-GEN-7957E5).
CUST-7156,ACC-7156,NF-GEN-FD3949,CELL_OUTAGE,HIGH,VOICE,SITE-UAE-DXB-01,2026-09-09T00:56:54Z,154,CELL_OUTAGE at SITE-UAE-DXB-01 for 154 minutes. Affected VOICE service for customer CUST-7156. Resulted in DATA charge of $132.56 (charge CHG-GEN-E8CDE1).
CUST-7161,ACC-7161,NF-GEN-C340EB,SIGNAL_DEGRADATION,HIGH,DATA+VOICE,SITE-DE-BER-002,2026-09-14T11:19:54Z,115,SIGNAL_DEGRADATION at SITE-DE-BER-002 for 115 minutes. Affected DATA+VOICE service for customer CUST-7161. Resulted in VOICE charge of $126.72 (charge CHG-GEN-D449AF).
CUST-6321,ACC-6321,NF-GEN-326D72,CONGESTION,LOW,DATA,SITE-UAE-DXB-01,2026-09-05T05:26:54Z,208,CONGESTION at SITE-UAE-DXB-01 for 208 minutes. Affected DATA service for customer CUST-6321. Resulted in DATA charge of $66.89 (charge CHG-GEN-BB5845).
CUST-4816,ACC-4816,NF-GEN-B3109F,CELL_OUTAGE,CRITICAL,DATA,SITE-UK-LON-014,2026-09-06T23:20:54Z,51,CELL_OUTAGE at SITE-UK-LON-014 for 51 minutes. Affected DATA service for customer CUST-4816. Resulted in DATA charge of $89.26 (charge CHG-GEN-62990F).
CUST-4375,ACC-4375,NF-GEN-2C2127,ROAMING_PARTNER_OUTAGE,LOW,ROAMING,SITE-UAE-DXB-01,2026-09-06T16:59:54Z,155,ROAMING_PARTNER_OUTAGE at SITE-UAE-DXB-01 for 155 minutes. Affected ROAMING service for customer CUST-4375. Resulted in ROAMING charge of $56.26 (charge CHG-GEN-75035F).
CUST-5848,ACC-5848,NF-GEN-16CE1A,ROAMING_PARTNER_OUTAGE,HIGH,ROAMING,SITE-ES-MAD-009,2026-09-05T16:50:54Z,148,ROAMING_PARTNER_OUTAGE at SITE-ES-MAD-009 for 148 minutes. Affected ROAMING service for customer CUST-5848. Resulted in ROAMING charge of $74.59 (charge CHG-GEN-ED27ED).
CUST-8603,ACC-8603,NF-GEN-CE688E,ROAMING_PARTNER_OUTAGE,CRITICAL,ROAMING,SITE-ES-MAD-009,2026-09-11T07:34:54Z,63,ROAMING_PARTNER_OUTAGE at SITE-ES-MAD-009 for 63 minutes. Affected ROAMING service for customer CUST-8603. Resulted in ROAMING charge of $41.36 (charge CHG-GEN-5C57CA).
CUST-7785,ACC-7785,NF-GEN-7D68BF,ROAMING_PARTNER_OUTAGE,HIGH,ROAMING,SITE-UAE-DXB-01,2026-08-28T17:53:54Z,95,ROAMING_PARTNER_OUTAGE at SITE-UAE-DXB-01 for 95 minutes. Affected ROAMING service for customer CUST-7785. Resulted in ROAMING charge of $85.75 (charge CHG-GEN-4DC5A0).
CUST-5356,ACC-5356,NF-GEN-3432EF,CELL_OUTAGE,LOW,DATA,SITE-UK-LON-014,2026-09-01T15:39:54Z,40,CELL_OUTAGE at SITE-UK-LON-014 for 40 minutes. Affected DATA service for customer CUST-5356. Resulted in DATA charge of $151.1 (charge CHG-GEN-823198).
CUST-8467,ACC-8467,NF-GEN-D74EC0,SIGNAL_DEGRADATION,LOW,DATA,SITE-UAE-DXB-01,2026-09-08T08:14:54Z,44,SIGNAL_DEGRADATION at SITE-UAE-DXB-01 for 44 minutes. Affected DATA service for customer CUST-8467. Resulted in VOICE charge of $147.41 (charge CHG-GEN-FF231B).
CUST-2475,ACC-2475,NF-GEN-1874E5,ROAMING_PARTNER_OUTAGE,HIGH,ROAMING,SITE-FR-PAR-021,2026-09-02T01:10:54Z,161,ROAMING_PARTNER_OUTAGE at SITE-FR-PAR-021 for 161 minutes. Affected ROAMING service for customer CUST-2475. Resulted in ROAMING charge of $84.24 (charge CHG-GEN-59C26A).
CUST-4703,ACC-4703,NF-GEN-1D8681,ROAMING_PARTNER_OUTAGE,MEDIUM,ROAMING,SITE-UK-LON-014,2026-09-13T09:29:54Z,172,ROAMING_PARTNER_OUTAGE at SITE-UK-LON-014 for 172 minutes. Affected ROAMING service for customer CUST-4703. Resulted in ROAMING charge of $117.45 (charge CHG-GEN-77FFDF).
CUST-4413,ACC-4413,NF-GEN-615E02,ROAMING_PARTNER_OUTAGE,HIGH,ROAMING,SITE-UAE-DXB-01,2026-08-30T08:31:54Z,196,ROAMING_PARTNER_OUTAGE at SITE-UAE-DXB-01 for 196 minutes. Affected ROAMING service for customer CUST-4413. Resulted in ROAMING charge of $99.01 (charge CHG-GEN-96A2A7).
CUST-6389,ACC-6389,NF-GEN-25176F,ROAMING_PARTNER_OUTAGE,CRITICAL,ROAMING,SITE-UK-LON-014,2026-09-08T15:49:54Z,73,ROAMING_PARTNER_OUTAGE at SITE-UK-LON-014 for 73 minutes. Affected ROAMING service for customer CUST-6389. Resulted in ROAMING charge of $81.58 (charge CHG-GEN-B2B518).
CUST-9072,ACC-9072,NF-GEN-F6E86B,CELL_OUTAGE,CRITICAL,DATA,SITE-DE-BER-002,2026-09-06T03:16:54Z,237,CELL_OUTAGE at SITE-DE-BER-002 for 237 minutes. Affected DATA service for customer CUST-9072. Resulted in DATA charge of $155.89 (charge CHG-GEN-9BB7B0).
CUST-4367,ACC-4367,NF-GEN-E4E3D5,CELL_OUTAGE,LOW,VOICE,SITE-UK-LON-014,2026-08-31T01:39:54Z,167,CELL_OUTAGE at SITE-UK-LON-014 for 167 minutes. Affected VOICE service for customer CUST-4367. Resulted in DATA charge of $31.81 (charge CHG-GEN-0CEC99).
CUST-3889,ACC-3889,NF-GEN-18D7D5,CONGESTION,LOW,DATA+VOICE,SITE-DE-BER-002,2026-08-27T07:57:54Z,178,CONGESTION at SITE-DE-BER-002 for 178 minutes. Affected DATA+VOICE service for customer CUST-3889. Resulted in DATA charge of $66.12 (charge CHG-GEN-75E877).
CUST-2444,ACC-2444,NF-GEN-89F671,CONGESTION,CRITICAL,DATA+VOICE,SITE-FR-PAR-021,2026-09-07T10:18:54Z,165,CONGESTION at SITE-FR-PAR-021 for 165 minutes. Affected DATA+VOICE service for customer CUST-2444. Resulted in DATA charge of $97.8 (charge CHG-GEN-924C0E).
CUST-6959,ACC-6959,NF-GEN-D8649E,SIGNAL_DEGRADATION,HIGH,DATA+VOICE,SITE-UAE-DXB-01,2026-09-09T00:36:54Z,153,SIGNAL_DEGRADATION at SITE-UAE-DXB-01 for 153 minutes. Affected DATA+VOICE service for customer CUST-6959. Resulted in VOICE charge of $87.22 (charge CHG-GEN-9F7107).
CUST-8239,ACC-8239,NF-GEN-F69C02,SIGNAL_DEGRADATION,MEDIUM,DATA,SITE-UK-LON-014,2026-08-27T07:54:54Z,33,SIGNAL_DEGRADATION at SITE-UK-LON-014 for 33 minutes. Affected DATA service for customer CUST-8239. Resulted in VOICE charge of $73.37 (charge CHG-GEN-2C51FE).
CUST-6658,ACC-6658,NF-GEN-0DF36A,SIGNAL_DEGRADATION,HIGH,DATA,SITE-DE-BER-002,2026-09-11T13:05:54Z,47,SIGNAL_DEGRADATION at SITE-DE-BER-002 for 47 minutes. Affected DATA service for customer CUST-6658. Resulted in VOICE charge of $146.06 (charge CHG-GEN-CEAF06).
CUST-6602,ACC-6602,NF-GEN-5289F6,ROAMING_PARTNER_OUTAGE,HIGH,ROAMING,SITE-UAE-DXB-01,2026-09-01T08:18:54Z,181,ROAMING_PARTNER_OUTAGE at SITE-UAE-DXB-01 for 181 minutes. Affected ROAMING service for customer CUST-6602. Resulted in ROAMING charge of $124.69 (charge CHG-GEN-3F5632).
CUST-9462,ACC-9462,NF-GEN-528634,ROAMING_PARTNER_OUTAGE,LOW,ROAMING,SITE-UAE-DXB-01,2026-09-07T19:33:54Z,144,ROAMING_PARTNER_OUTAGE at SITE-UAE-DXB-01 for 144 minutes. Affected ROAMING service for customer CUST-9462. Resulted in ROAMING charge of $141.57 (charge CHG-GEN-7D7043).
CUST-3672,ACC-3672,NF-GEN-BA8030,ROAMING_PARTNER_OUTAGE,HIGH,ROAMING,SITE-ES-MAD-009,2026-09-14T12:18:54Z,106,ROAMING_PARTNER_OUTAGE at SITE-ES-MAD-009 for 106 minutes. Affected ROAMING service for customer CUST-3672. Resulted in ROAMING charge of $162.48 (charge CHG-GEN-4321E8).
CUST-3668,ACC-3668,NF-GEN-96F828,SIGNAL_DEGRADATION,LOW,DATA+VOICE,SITE-FR-PAR-021,2026-08-29T19:33:54Z,132,SIGNAL_DEGRADATION at SITE-FR-PAR-021 for 132 minutes. Affected DATA+VOICE service for customer CUST-3668. Resulted in VOICE charge of $144.82 (charge CHG-GEN-5356FD).
CUST-8568,ACC-8568,NF-GEN-75E100,CELL_OUTAGE,HIGH,VOICE,SITE-UAE-DXB-01,2026-09-12T12:13:54Z,18,CELL_OUTAGE at SITE-UAE-DXB-01 for 18 minutes. Affected VOICE service for customer CUST-8568. Resulted in DATA charge of $120.13 (charge CHG-GEN-355B94).
CUST-2804,ACC-2804,NF-GEN-A9C9D5,SIGNAL_DEGRADATION,MEDIUM,DATA+VOICE,SITE-UAE-DXB-01,2026-09-13T15:43:54Z,60,SIGNAL_DEGRADATION at SITE-UAE-DXB-01 for 60 minutes. Affected DATA+VOICE service for customer CUST-2804. Resulted in VOICE charge of $127.91 (charge CHG-GEN-8BB91F).
CUST-9519,ACC-9519,NF-GEN-492720,SIGNAL_DEGRADATION,HIGH,DATA+VOICE,SITE-ES-MAD-009,2026-08-27T12:43:54Z,224,SIGNAL_DEGRADATION at SITE-ES-MAD-009 for 224 minutes. Affected DATA+VOICE service for customer CUST-9519. Resulted in VOICE charge of $171.59 (charge CHG-GEN-3605B6).
CUST-7580,ACC-7580,NF-GEN-5DBB38,CELL_OUTAGE,CRITICAL,VOICE,SITE-UK-LON-014,2026-09-02T00:45:54Z,120,CELL_OUTAGE at SITE-UK-LON-014 for 120 minutes. Affected VOICE service for customer CUST-7580. Resulted in DATA charge of $77.32 (charge CHG-GEN-428AA3).
CUST-6676,ACC-6676,NF-GEN-2D5F1A,SIGNAL_DEGRADATION,MEDIUM,VOICE,SITE-ES-MAD-009,2026-09-12T00:50:54Z,142,SIGNAL_DEGRADATION at SITE-ES-MAD-009 for 142 minutes. Affected VOICE service for customer CUST-6676. Resulted in VOICE charge of $125.45 (charge CHG-GEN-047F6C).
CUST-6856,ACC-6856,NF-GEN-A579CC,SIGNAL_DEGRADATION,HIGH,DATA+VOICE,SITE-ES-MAD-009,2026-09-09T20:36:54Z,147,SIGNAL_DEGRADATION at SITE-ES-MAD-009 for 147 minutes. Affected DATA+VOICE service for customer CUST-6856. Resulted in VOICE charge of $73.53 (charge CHG-GEN-9F586E).
CUST-9376,ACC-9376,NF-GEN-A16AA9,CONGESTION,MEDIUM,DATA,SITE-ES-MAD-009,2026-08-30T03:27:54Z,114,CONGESTION at SITE-ES-MAD-009 for 114 minutes. Affected DATA service for customer CUST-9376. Resulted in DATA charge of $63.71 (charge CHG-GEN-27B874).
CUST-4162,ACC-4162,NF-GEN-BC6139,CELL_OUTAGE,MEDIUM,VOICE,SITE-ES-MAD-009,2026-09-08T16:31:54Z,67,CELL_OUTAGE at SITE-ES-MAD-009 for 67 minutes. Affected VOICE service for customer CUST-4162. Resulted in DATA charge of $73.14 (charge CHG-GEN-173C15).
CUST-4075,ACC-4075,NF-GEN-D2BAEA,SIGNAL_DEGRADATION,LOW,DATA,SITE-DE-BER-002,2026-09-13T04:24:54Z,196,SIGNAL_DEGRADATION at SITE-DE-BER-002 for 196 minutes. Affected DATA service for customer CUST-4075. Resulted in VOICE charge of $159.12 (charge CHG-GEN-A6BE18).
CUST-9495,ACC-9495,NF-GEN-499D5A,SIGNAL_DEGRADATION,HIGH,DATA+VOICE,SITE-UK-LON-014,2026-09-05T23:06:54Z,120,SIGNAL_DEGRADATION at SITE-UK-LON-014 for 120 minutes. Affected DATA+VOICE service for customer CUST-9495. Resulted in VOICE charge of $93.86 (charge CHG-GEN-F77281).
CUST-8588,ACC-8588,NF-GEN-FBBC86,CELL_OUTAGE,CRITICAL,VOICE,SITE-UAE-DXB-01,2026-09-13T13:26:54Z,219,CELL_OUTAGE at SITE-UAE-DXB-01 for 219 minutes. Affected VOICE service for customer CUST-8588. Resulted in DATA charge of $147.98 (charge CHG-GEN-27BEC4).
CUST-9977,ACC-9977,NF-GEN-08EF1F,CELL_OUTAGE,CRITICAL,DATA+VOICE,SITE-UAE-DXB-01,2026-09-01T02:36:54Z,235,CELL_OUTAGE at SITE-UAE-DXB-01 for 235 minutes. Affected DATA+VOICE service for customer CUST-9977. Resulted in DATA charge of $121.47 (charge CHG-GEN-074F3D).
CUST-6582,ACC-6582,NF-GEN-1FEA3F,CELL_OUTAGE,HIGH,DATA,SITE-ES-MAD-009,2026-08-28T06:03:54Z,118,CELL_OUTAGE at SITE-ES-MAD-009 for 118 minutes. Affected DATA service for customer CUST-6582. Resulted in DATA charge of $143.09 (charge CHG-GEN-BF8705).
CUST-5729,ACC-5729,NF-GEN-FCB7E8,CELL_OUTAGE,MEDIUM,DATA+VOICE,SITE-UAE-DXB-01,2026-09-04T08:13:54Z,51,CELL_OUTAGE at SITE-UAE-DXB-01 for 51 minutes. Affected DATA+VOICE service for customer CUST-5729. Resulted in DATA charge of $40.16 (charge CHG-GEN-2C668C).
CUST-2670,ACC-2670,NF-GEN-2121E2,CELL_OUTAGE,LOW,DATA,SITE-UAE-DXB-01,2026-09-07T06:24:54Z,114,CELL_OUTAGE at SITE-UAE-DXB-01 for 114 minutes. Affected DATA service for customer CUST-2670. Resulted in DATA charge of $143.36 (charge CHG-GEN-2647D3).
CUST-3892,ACC-3892,NF-GEN-14FCAE,ROAMING_PARTNER_OUTAGE,LOW,ROAMING,SITE-UAE-DXB-01,2026-08-31T16:53:54Z,200,ROAMING_PARTNER_OUTAGE at SITE-UAE-DXB-01 for 200 minutes. Affected ROAMING service for customer CUST-3892. Resulted in ROAMING charge of $170.04 (charge CHG-GEN-2CBE58).
CUST-9294,ACC-9294,NF-GEN-DC4E7B,CELL_OUTAGE,HIGH,DATA,SITE-DE-BER-002,2026-09-03T15:56:54Z,159,CELL_OUTAGE at SITE-DE-BER-002 for 159 minutes. Affected DATA service for customer CUST-9294. Resulted in DATA charge of $171.87 (charge CHG-GEN-82B496).
CUST-2340,ACC-2340,NF-GEN-E039A5,CONGESTION,LOW,DATA,SITE-DE-BER-002,2026-09-09T23:23:54Z,194,CONGESTION at SITE-DE-BER-002 for 194 minutes. Affected DATA service for customer CUST-2340. Resulted in DATA charge of $168.15 (charge CHG-GEN-3CDCED).
CUST-7394,ACC-7394,NF-GEN-AD1E32,CONGESTION,LOW,DATA+VOICE,SITE-FR-PAR-021,2026-08-31T06:12:54Z,217,CONGESTION at SITE-FR-PAR-021 for 217 minutes. Affected DATA+VOICE service for customer CUST-7394. Resulted in DATA charge of $118.9 (charge CHG-GEN-4193EE).
CUST-4631,ACC-4631,NF-GEN-3A7D62,CELL_OUTAGE,HIGH,DATA+VOICE,SITE-UAE-DXB-01,2026-08-29T16:29:54Z,232,CELL_OUTAGE at SITE-UAE-DXB-01 for 232 minutes. Affected DATA+VOICE service for customer CUST-4631. Resulted in DATA charge of $42.13 (charge CHG-GEN-6864F8).
CUST-3057,ACC-3057,NF-GEN-B7B5AD,CELL_OUTAGE,MEDIUM,DATA+VOICE,SITE-UK-LON-014,2026-09-05T21:30:54Z,134,CELL_OUTAGE at SITE-UK-LON-014 for 134 minutes. Affected DATA+VOICE service for customer CUST-3057. Resulted in DATA charge of $139.93 (charge CHG-GEN-59878E).
CUST-9976,ACC-9976,NF-GEN-8B516C,CELL_OUTAGE,CRITICAL,DATA+VOICE,SITE-DE-BER-002,2026-09-02T01:19:54Z,61,CELL_OUTAGE at SITE-DE-BER-002 for 61 minutes. Affected DATA+VOICE service for customer CUST-9976. Resulted in DATA charge of $32.49 (charge CHG-GEN-DCD0DD).
CUST-5840,ACC-5840,NF-GEN-241D96,SIGNAL_DEGRADATION,HIGH,VOICE,SITE-ES-MAD-009,2026-09-04T22:00:54Z,108,SIGNAL_DEGRADATION at SITE-ES-MAD-009 for 108 minutes. Affected VOICE service for customer CUST-5840. Resulted in VOICE charge of $164.27 (charge CHG-GEN-F80E9D).
CUST-5075,ACC-5075,NF-GEN-10085D,ROAMING_PARTNER_OUTAGE,HIGH,ROAMING,SITE-FR-PAR-021,2026-09-12T16:57:54Z,123,ROAMING_PARTNER_OUTAGE at SITE-FR-PAR-021 for 123 minutes. Affected ROAMING service for customer CUST-5075. Resulted in ROAMING charge of $72.54 (charge CHG-GEN-B9115C).
CUST-2404,ACC-2404,NF-GEN-5565D8,CELL_OUTAGE,HIGH,DATA,SITE-UK-LON-014,2026-09-13T18:26:54Z,51,CELL_OUTAGE at SITE-UK-LON-014 for 51 minutes. Affected DATA service for customer CUST-2404. Resulted in DATA charge of $164.79 (charge CHG-GEN-B80020).
CUST-3514,ACC-3514,NF-GEN-170B09,CELL_OUTAGE,LOW,VOICE,SITE-UAE-DXB-01,2026-09-10T04:49:54Z,217,CELL_OUTAGE at SITE-UAE-DXB-01 for 217 minutes. Affected VOICE service for customer CUST-3514. Resulted in DATA charge of $129.53 (charge CHG-GEN-221481).
CUST-4301,ACC-4301,NF-GEN-7A1385,CELL_OUTAGE,HIGH,DATA,SITE-ES-MAD-009,2026-09-15T02:34:54Z,152,CELL_OUTAGE at SITE-ES-MAD-009 for 152 minutes. Affected DATA service for customer CUST-4301. Resulted in DATA charge of $136.01 (charge CHG-GEN-F69077).
CUST-8920,ACC-8920,NF-GEN-286CC0,CONGESTION,LOW,DATA,SITE-FR-PAR-021,2026-09-08T10:28:54Z,27,CONGESTION at SITE-FR-PAR-021 for 27 minutes. Affected DATA service for customer CUST-8920. Resulted in DATA charge of $147.07 (charge CHG-GEN-80C939).
CUST-8231,ACC-8231,NF-GEN-CFBDCD,ROAMING_PARTNER_OUTAGE,LOW,ROAMING,SITE-FR-PAR-021,2026-08-28T21:54:54Z,204,ROAMING_PARTNER_OUTAGE at SITE-FR-PAR-021 for 204 minutes. Affected ROAMING service for customer CUST-8231. Resulted in ROAMING charge of $53.17 (charge CHG-GEN-EB8DBB).
CUST-2621,ACC-2621,NF-GEN-946D54,CELL_OUTAGE,LOW,DATA+VOICE,SITE-UK-LON-014,2026-09-12T06:45:54Z,79,CELL_OUTAGE at SITE-UK-LON-014 for 79 minutes. Affected DATA+VOICE service for customer CUST-2621. Resulted in DATA charge of $70.39 (charge CHG-GEN-37EE54).
CUST-8015,ACC-8015,NF-GEN-548802,ROAMING_PARTNER_OUTAGE,MEDIUM,ROAMING,SITE-ES-MAD-009,2026-09-04T05:30:54Z,42,ROAMING_PARTNER_OUTAGE at SITE-ES-MAD-009 for 42 minutes. Affected ROAMING service for customer CUST-8015. Resulted in ROAMING charge of $117.87 (charge CHG-GEN-87C24D).
CUST-4893,ACC-4893,NF-GEN-353B8F,CONGESTION,MEDIUM,VOICE,SITE-FR-PAR-021,2026-08-31T21:27:54Z,156,CONGESTION at SITE-FR-PAR-021 for 156 minutes. Affected VOICE service for customer CUST-4893. Resulted in DATA charge of $114.16 (charge CHG-GEN-3BFAD0).
CUST-8679,ACC-8679,NF-GEN-D9999F,CELL_OUTAGE,CRITICAL,DATA,SITE-UAE-DXB-01,2026-09-09T12:08:54Z,70,CELL_OUTAGE at SITE-UAE-DXB-01 for 70 minutes. Affected DATA service for customer CUST-8679. Resulted in DATA charge of $141.67 (charge CHG-GEN-D43680).
CUST-6477,ACC-6477,NF-GEN-4166B3,ROAMING_PARTNER_OUTAGE,MEDIUM,ROAMING,SITE-FR-PAR-021,2026-09-16T04:51:54Z,207,ROAMING_PARTNER_OUTAGE at SITE-FR-PAR-021 for 207 minutes. Affected ROAMING service for customer CUST-6477. Resulted in ROAMING charge of $55.09 (charge CHG-GEN-086AEE).
CUST-2435,ACC-2435,NF-GEN-64D707,ROAMING_PARTNER_OUTAGE,CRITICAL,ROAMING,SITE-UK-LON-014,2026-09-01T10:59:54Z,218,ROAMING_PARTNER_OUTAGE at SITE-UK-LON-014 for 218 minutes. Affected ROAMING service for customer CUST-2435. Resulted in ROAMING charge of $95.56 (charge CHG-GEN-7A7155).
CUST-3060,ACC-3060,NF-GEN-303635,CELL_OUTAGE,HIGH,DATA+VOICE,SITE-FR-PAR-021,2026-09-13T13:46:54Z,27,CELL_OUTAGE at SITE-FR-PAR-021 for 27 minutes. Affected DATA+VOICE service for customer CUST-3060. Resulted in DATA charge of $58.33 (charge CHG-GEN-6B9B27).
CUST-4983,ACC-4983,NF-GEN-ABA2C1,ROAMING_PARTNER_OUTAGE,CRITICAL,ROAMING,SITE-ES-MAD-009,2026-09-04T12:17:54Z,191,ROAMING_PARTNER_OUTAGE at SITE-ES-MAD-009 for 191 minutes. Affected ROAMING service for customer CUST-4983. Resulted in ROAMING charge of $122.06 (charge CHG-GEN-E6566C).
CUST-3523,ACC-3523,NF-GEN-D33A29,ROAMING_PARTNER_OUTAGE,CRITICAL,ROAMING,SITE-DE-BER-002,2026-09-05T20:35:54Z,76,ROAMING_PARTNER_OUTAGE at SITE-DE-BER-002 for 76 minutes. Affected ROAMING service for customer CUST-3523. Resulted in ROAMING charge of $85.32 (charge CHG-GEN-7D404B).
CUST-8787,ACC-8787,NF-GEN-1BE8B9,CELL_OUTAGE,HIGH,DATA,SITE-DE-BER-002,2026-09-08T06:32:54Z,89,CELL_OUTAGE at SITE-DE-BER-002 for 89 minutes. Affected DATA service for customer CUST-8787. Resulted in DATA charge of $100.12 (charge CHG-GEN-8195BC).
CUST-7984,ACC-7984,NF-GEN-2A10DC,SIGNAL_DEGRADATION,CRITICAL,VOICE,SITE-FR-PAR-021,2026-08-27T13:57:54Z,44,SIGNAL_DEGRADATION at SITE-FR-PAR-021 for 44 minutes. Affected VOICE service for customer CUST-7984. Resulted in VOICE charge of $96.41 (charge CHG-GEN-0D8B2A).
CUST-7359,ACC-7359,NF-GEN-206C19,CELL_OUTAGE,HIGH,DATA+VOICE,SITE-ES-MAD-009,2026-09-06T18:54:54Z,143,CELL_OUTAGE at SITE-ES-MAD-009 for 143 minutes. Affected DATA+VOICE service for customer CUST-7359. Resulted in DATA charge of $160.45 (charge CHG-GEN-855774).
CUST-2134,ACC-2134,NF-GEN-D5BE6B,CONGESTION,HIGH,DATA,SITE-DE-BER-002,2026-09-06T08:21:54Z,141,CONGESTION at SITE-DE-BER-002 for 141 minutes. Affected DATA service for customer CUST-2134. Resulted in DATA charge of $102.39 (charge CHG-GEN-B48757).
CUST-7518,ACC-7518,NF-GEN-7BC3DF,SIGNAL_DEGRADATION,LOW,DATA,SITE-ES-MAD-009,2026-09-17T04:30:54Z,200,SIGNAL_DEGRADATION at SITE-ES-MAD-009 for 200 minutes. Affected DATA service for customer CUST-7518. Resulted in VOICE charge of $65.65 (charge CHG-GEN-1C4829).
CUST-9555,ACC-9555,NF-GEN-CC9F0D,SIGNAL_DEGRADATION,LOW,DATA,SITE-ES-MAD-009,2026-08-29T04:36:54Z,178,SIGNAL_DEGRADATION at SITE-ES-MAD-009 for 178 minutes. Affected DATA service for customer CUST-9555. Resulted in VOICE charge of $166.77 (charge CHG-GEN-38282A).
CUST-5413,ACC-5413,NF-GEN-360042,SIGNAL_DEGRADATION,HIGH,DATA,SITE-ES-MAD-009,2026-08-31T00:40:54Z,38,SIGNAL_DEGRADATION at SITE-ES-MAD-009 for 38 minutes. Affected DATA service for customer CUST-5413. Resulted in VOICE charge of $69.63 (charge CHG-GEN-77712C).
CUST-2417,ACC-2417,NF-GEN-EB4484,SIGNAL_DEGRADATION,MEDIUM,DATA,SITE-DE-BER-002,2026-09-16T04:07:54Z,161,SIGNAL_DEGRADATION at SITE-DE-BER-002 for 161 minutes. Affected DATA service for customer CUST-2417. Resulted in VOICE charge of $43.32 (charge CHG-GEN-367439).
CUST-2139,ACC-2139,NF-GEN-706735,ROAMING_PARTNER_OUTAGE,CRITICAL,ROAMING,SITE-DE-BER-002,2026-08-27T22:10:54Z,63,ROAMING_PARTNER_OUTAGE at SITE-DE-BER-002 for 63 minutes. Affected ROAMING service for customer CUST-2139. Resulted in ROAMING charge of $48.0 (charge CHG-GEN-B95265).
CUST-4040,ACC-4040,NF-GEN-A0AABF,CELL_OUTAGE,LOW,DATA+VOICE,SITE-DE-BER-002,2026-09-14T23:47:54Z,23,CELL_OUTAGE at SITE-DE-BER-002 for 23 minutes. Affected DATA+VOICE service for customer CUST-4040. Resulted in DATA charge of $119.59 (charge CHG-GEN-F5A4CD).
CUST-9889,ACC-9889,NF-GEN-7D9B51,CONGESTION,CRITICAL,DATA,SITE-UAE-DXB-01,2026-09-04T07:16:54Z,31,CONGESTION at SITE-UAE-DXB-01 for 31 minutes. Affected DATA service for customer CUST-9889. Resulted in DATA charge of $147.15 (charge CHG-GEN-3358F7).
CUST-6017,ACC-6017,NF-GEN-01D029,CONGESTION,CRITICAL,DATA,SITE-ES-MAD-009,2026-09-02T12:17:54Z,96,CONGESTION at SITE-ES-MAD-009 for 96 minutes. Affected DATA service for customer CUST-6017. Resulted in DATA charge of $113.34 (charge CHG-GEN-F59772).
CUST-8903,ACC-8903,NF-GEN-119967,CONGESTION,MEDIUM,VOICE,SITE-UK-LON-014,2026-09-01T09:17:54Z,50,CONGESTION at SITE-UK-LON-014 for 50 minutes. Affected VOICE service for customer CUST-8903. Resulted in DATA charge of $151.2 (charge CHG-GEN-93A996).
CUST-5156,ACC-5156,NF-GEN-36B974,ROAMING_PARTNER_OUTAGE,CRITICAL,ROAMING,SITE-UAE-DXB-01,2026-08-31T22:41:54Z,142,ROAMING_PARTNER_OUTAGE at SITE-UAE-DXB-01 for 142 minutes. Affected ROAMING service for customer CUST-5156. Resulted in ROAMING charge of $154.8 (charge CHG-GEN-A60932).
CUST-3374,ACC-3374,NF-GEN-A4E542,SIGNAL_DEGRADATION,LOW,DATA+VOICE,SITE-FR-PAR-021,2026-09-02T01:42:54Z,125,SIGNAL_DEGRADATION at SITE-FR-PAR-021 for 125 minutes. Affected DATA+VOICE service for customer CUST-3374. Resulted in VOICE charge of $36.86 (charge CHG-GEN-708A4D).
CUST-3757,ACC-3757,NF-GEN-9E1A88,SIGNAL_DEGRADATION,HIGH,VOICE,SITE-FR-PAR-021,2026-09-13T09:36:54Z,205,SIGNAL_DEGRADATION at SITE-FR-PAR-021 for 205 minutes. Affected VOICE service for customer CUST-3757. Resulted in VOICE charge of $115.84 (charge CHG-GEN-4E12CA).
CUST-7822,ACC-7822,NF-GEN-851CF3,CONGESTION,MEDIUM,DATA,SITE-UK-LON-014,2026-09-03T15:00:54Z,126,CONGESTION at SITE-UK-LON-014 for 126 minutes. Affected DATA service for customer CUST-7822. Resulted in DATA charge of $39.43 (charge CHG-GEN-8203BE).
CUST-3764,ACC-3764,NF-GEN-850ACF,ROAMING_PARTNER_OUTAGE,LOW,ROAMING,SITE-DE-BER-002,2026-09-12T01:49:54Z,200,ROAMING_PARTNER_OUTAGE at SITE-DE-BER-002 for 200 minutes. Affected ROAMING service for customer CUST-3764. Resulted in ROAMING charge of $34.11 (charge CHG-GEN-9192E6).
CUST-7830,ACC-7830,NF-GEN-9384D7,ROAMING_PARTNER_OUTAGE,HIGH,ROAMING,SITE-DE-BER-002,2026-09-11T20:02:54Z,89,ROAMING_PARTNER_OUTAGE at SITE-DE-BER-002 for 89 minutes. Affected ROAMING service for customer CUST-7830. Resulted in ROAMING charge of $112.51 (charge CHG-GEN-C4A316).
CUST-8046,ACC-8046,NF-GEN-BE9762,CONGESTION,HIGH,DATA+VOICE,SITE-UAE-DXB-01,2026-08-29T04:15:54Z,27,CONGESTION at SITE-UAE-DXB-01 for 27 minutes. Affected DATA+VOICE service for customer CUST-8046. Resulted in DATA charge of $81.2 (charge CHG-GEN-E71051).
CUST-2478,ACC-2478,NF-GEN-D241CA,CONGESTION,CRITICAL,DATA+VOICE,SITE-UK-LON-014,2026-09-12T17:51:54Z,141,CONGESTION at SITE-UK-LON-014 for 141 minutes. Affected DATA+VOICE service for customer CUST-2478. Resulted in DATA charge of $173.45 (charge CHG-GEN-2FB43C).
CUST-9898,ACC-9898,NF-GEN-82C314,CELL_OUTAGE,CRITICAL,VOICE,SITE-DE-BER-002,2026-09-13T23:29:54Z,102,CELL_OUTAGE at SITE-DE-BER-002 for 102 minutes. Affected VOICE service for customer CUST-9898. Resulted in DATA charge of $65.85 (charge CHG-GEN-B44AE2).
CUST-4862,ACC-4862,NF-GEN-E2D03E,CONGESTION,CRITICAL,DATA+VOICE,SITE-ES-MAD-009,2026-09-05T10:01:54Z,49,CONGESTION at SITE-ES-MAD-009 for 49 minutes. Affected DATA+VOICE service for customer CUST-4862. Resulted in DATA charge of $100.11 (charge CHG-GEN-CD519F).
CUST-4617,ACC-4617,NF-GEN-CF0158,ROAMING_PARTNER_OUTAGE,CRITICAL,ROAMING,SITE-ES-MAD-009,2026-09-04T08:37:54Z,70,ROAMING_PARTNER_OUTAGE at SITE-ES-MAD-009 for 70 minutes. Affected ROAMING service for customer CUST-4617. Resulted in ROAMING charge of $178.85 (charge CHG-GEN-2CBD37).
CUST-3222,ACC-3222,NF-GEN-81FFE4,SIGNAL_DEGRADATION,CRITICAL,DATA+VOICE,SITE-FR-PAR-021,2026-09-12T11:19:54Z,97,SIGNAL_DEGRADATION at SITE-FR-PAR-021 for 97 minutes. Affected DATA+VOICE service for customer CUST-3222. Resulted in VOICE charge of $80.89 (charge CHG-GEN-F32DD6).
CUST-7150,ACC-7150,NF-GEN-9744DF,SIGNAL_DEGRADATION,MEDIUM,VOICE,SITE-UK-LON-014,2026-08-30T16:50:54Z,161,SIGNAL_DEGRADATION at SITE-UK-LON-014 for 161 minutes. Affected VOICE service for customer CUST-7150. Resulted in VOICE charge of $158.88 (charge CHG-GEN-3B8BFF).
CUST-9851,ACC-9851,NF-GEN-6E844E,ROAMING_PARTNER_OUTAGE,MEDIUM,ROAMING,SITE-DE-BER-002,2026-09-14T06:16:54Z,173,ROAMING_PARTNER_OUTAGE at SITE-DE-BER-002 for 173 minutes. Affected ROAMING service for customer CUST-9851. Resulted in ROAMING charge of $40.0 (charge CHG-GEN-E6478F).
CUST-7666,ACC-7666,NF-GEN-4A0B0C,ROAMING_PARTNER_OUTAGE,LOW,ROAMING,SITE-UK-LON-014,2026-09-03T19:27:54Z,22,ROAMING_PARTNER_OUTAGE at SITE-UK-LON-014 for 22 minutes. Affected ROAMING service for customer CUST-7666. Resulted in ROAMING charge of $123.88 (charge CHG-GEN-71774C).
CUST-2388,ACC-2388,NF-GEN-42AB56,CONGESTION,MEDIUM,DATA,SITE-UAE-DXB-01,2026-09-04T20:48:54Z,239,CONGESTION at SITE-UAE-DXB-01 for 239 minutes. Affected DATA service for customer CUST-2388. Resulted in DATA charge of $134.92 (charge CHG-GEN-8F1157).
CUST-9345,ACC-9345,NF-GEN-363C4D,SIGNAL_DEGRADATION,CRITICAL,DATA+VOICE,SITE-UK-LON-014,2026-09-06T11:35:54Z,123,SIGNAL_DEGRADATION at SITE-UK-LON-014 for 123 minutes. Affected DATA+VOICE service for customer CUST-9345. Resulted in VOICE charge of $95.0 (charge CHG-GEN-855C23).
CUST-6690,ACC-6690,NF-GEN-5E720E,ROAMING_PARTNER_OUTAGE,MEDIUM,ROAMING,SITE-UAE-DXB-01,2026-09-02T03:18:54Z,91,ROAMING_PARTNER_OUTAGE at SITE-UAE-DXB-01 for 91 minutes. Affected ROAMING service for customer CUST-6690. Resulted in ROAMING charge of $148.24 (charge CHG-GEN-1445F2).
CUST-8470,ACC-8470,NF-GEN-29107A,ROAMING_PARTNER_OUTAGE,MEDIUM,ROAMING,SITE-UK-LON-014,2026-09-07T02:03:54Z,41,ROAMING_PARTNER_OUTAGE at SITE-UK-LON-014 for 41 minutes. Affected ROAMING service for customer CUST-8470. Resulted in ROAMING charge of $62.73 (charge CHG-GEN-44AA79).
CUST-8435,ACC-8435,NF-GEN-332C39,CONGESTION,LOW,DATA+VOICE,SITE-UAE-DXB-01,2026-09-03T14:27:54Z,40,CONGESTION at SITE-UAE-DXB-01 for 40 minutes. Affected DATA+VOICE service for customer CUST-8435. Resulted in DATA charge of $166.0 (charge CHG-GEN-9BD207).
CUST-4574,ACC-4574,NF-GEN-685FB0,ROAMING_PARTNER_OUTAGE,HIGH,ROAMING,SITE-DE-BER-002,2026-09-15T23:50:54Z,164,ROAMING_PARTNER_OUTAGE at SITE-DE-BER-002 for 164 minutes. Affected ROAMING service for customer CUST-4574. Resulted in ROAMING charge of $87.98 (charge CHG-GEN-76C922).
CUST-5471,ACC-5471,NF-GEN-823E99,ROAMING_PARTNER_OUTAGE,HIGH,ROAMING,SITE-UK-LON-014,2026-08-31T02:15:54Z,171,ROAMING_PARTNER_OUTAGE at SITE-UK-LON-014 for 171 minutes. Affected ROAMING service for customer CUST-5471. Resulted in ROAMING charge of $177.26 (charge CHG-GEN-5B4EA0).
CUST-2749,ACC-2749,NF-GEN-984E2F,CELL_OUTAGE,MEDIUM,DATA,SITE-UAE-DXB-01,2026-09-05T07:24:54Z,171,CELL_OUTAGE at SITE-UAE-DXB-01 for 171 minutes. Affected DATA service for customer CUST-2749. Resulted in DATA charge of $138.19 (charge CHG-GEN-011278).
CUST-9623,ACC-9623,NF-GEN-69CB70,ROAMING_PARTNER_OUTAGE,CRITICAL,ROAMING,SITE-DE-BER-002,2026-09-06T05:51:54Z,181,ROAMING_PARTNER_OUTAGE at SITE-DE-BER-002 for 181 minutes. Affected ROAMING service for customer CUST-9623. Resulted in ROAMING charge of $138.08 (charge CHG-GEN-18D188).
CUST-8638,ACC-8638,NF-GEN-A79633,SIGNAL_DEGRADATION,HIGH,VOICE,SITE-FR-PAR-021,2026-08-29T01:30:54Z,146,SIGNAL_DEGRADATION at SITE-FR-PAR-021 for 146 minutes. Affected VOICE service for customer CUST-8638. Resulted in VOICE charge of $121.89 (charge CHG-GEN-B80372).
CUST-7196,ACC-7196,NF-GEN-849A78,CELL_OUTAGE,MEDIUM,DATA+VOICE,SITE-UAE-DXB-01,2026-09-07T07:19:54Z,224,CELL_OUTAGE at SITE-UAE-DXB-01 for 224 minutes. Affected DATA+VOICE service for customer CUST-7196. Resulted in DATA charge of $106.17 (charge CHG-GEN-BB81F8).
CUST-7831,ACC-7831,NF-GEN-70B225,ROAMING_PARTNER_OUTAGE,LOW,ROAMING,SITE-DE-BER-002,2026-08-27T05:07:54Z,56,ROAMING_PARTNER_OUTAGE at SITE-DE-BER-002 for 56 minutes. Affected ROAMING service for customer CUST-7831. Resulted in ROAMING charge of $159.49 (charge CHG-GEN-C243BC).
CUST-4263,ACC-4263,NF-GEN-B2AC86,CELL_OUTAGE,LOW,VOICE,SITE-ES-MAD-009,2026-09-09T11:09:54Z,22,CELL_OUTAGE at SITE-ES-MAD-009 for 22 minutes. Affected VOICE service for customer CUST-4263. Resulted in DATA charge of $149.78 (charge CHG-GEN-3582CC).
CUST-9091,ACC-9091,NF-GEN-5E25F0,ROAMING_PARTNER_OUTAGE,LOW,ROAMING,SITE-UAE-DXB-01,2026-09-03T12:51:54Z,153,ROAMING_PARTNER_OUTAGE at SITE-UAE-DXB-01 for 153 minutes. Affected ROAMING service for customer CUST-9091. Resulted in ROAMING charge of $151.97 (charge CHG-GEN-C9306A).
CUST-5781,ACC-5781,NF-GEN-D9A555,CELL_OUTAGE,LOW,VOICE,SITE-DE-BER-002,2026-09-15T20:36:54Z,146,CELL_OUTAGE at SITE-DE-BER-002 for 146 minutes. Affected VOICE service for customer CUST-5781. Resulted in DATA charge of $169.89 (charge CHG-GEN-C44071).
CUST-7252,ACC-7252,NF-GEN-055BED,SIGNAL_DEGRADATION,HIGH,VOICE,SITE-UAE-DXB-01,2026-09-05T16:43:54Z,51,SIGNAL_DEGRADATION at SITE-UAE-DXB-01 for 51 minutes. Affected VOICE service for customer CUST-7252. Resulted in VOICE charge of $173.71 (charge CHG-GEN-DB29AE).
CUST-4766,ACC-4766,NF-GEN-A4C1BE,CELL_OUTAGE,MEDIUM,DATA,SITE-ES-MAD-009,2026-09-16T08:39:54Z,228,CELL_OUTAGE at SITE-ES-MAD-009 for 228 minutes. Affected DATA service for customer CUST-4766. Resulted in DATA charge of $91.46 (charge CHG-GEN-94F2FA).
CUST-6154,ACC-6154,NF-GEN-8B305D,SIGNAL_DEGRADATION,CRITICAL,DATA+VOICE,SITE-DE-BER-002,2026-09-17T02:21:54Z,167,SIGNAL_DEGRADATION at SITE-DE-BER-002 for 167 minutes. Affected DATA+VOICE service for customer CUST-6154. Resulted in VOICE charge of $176.46 (charge CHG-GEN-D60196).
CUST-9804,ACC-9804,NF-GEN-D57C0D,CONGESTION,HIGH,DATA,SITE-UAE-DXB-01,2026-09-01T03:05:54Z,91,CONGESTION at SITE-UAE-DXB-01 for 91 minutes. Affected DATA service for customer CUST-9804. Resulted in DATA charge of $154.67 (charge CHG-GEN-3C5281).
CUST-8100,ACC-8100,NF-GEN-BBC262,CELL_OUTAGE,MEDIUM,VOICE,SITE-ES-MAD-009,2026-09-08T06:52:54Z,31,CELL_OUTAGE at SITE-ES-MAD-009 for 31 minutes. Affected VOICE service for customer CUST-8100. Resulted in DATA charge of $99.0 (charge CHG-GEN-28667F).
CUST-8358,ACC-8358,NF-GEN-4D1701,CELL_OUTAGE,LOW,DATA,SITE-ES-MAD-009,2026-09-12T22:25:54Z,213,CELL_OUTAGE at SITE-ES-MAD-009 for 213 minutes. Affected DATA service for customer CUST-8358. Resulted in DATA charge of $136.98 (charge CHG-GEN-0F8BCD).
CUST-6944,ACC-6944,NF-GEN-2335F4,CONGESTION,CRITICAL,DATA,SITE-FR-PAR-021,2026-09-10T12:28:54Z,159,CONGESTION at SITE-FR-PAR-021 for 159 minutes. Affected DATA service for customer CUST-6944. Resulted in DATA charge of $119.54 (charge CHG-GEN-5BAD17).
CUST-2533,ACC-2533,NF-GEN-BBD1E3,CONGESTION,MEDIUM,DATA,SITE-ES-MAD-009,2026-09-03T06:39:54Z,202,CONGESTION at SITE-ES-MAD-009 for 202 minutes. Affected DATA service for customer CUST-2533. Resulted in DATA charge of $78.77 (charge CHG-GEN-C781D0).
CUST-4895,ACC-4895,NF-GEN-C64CBC,CONGESTION,MEDIUM,DATA+VOICE,SITE-UK-LON-014,2026-09-01T22:30:54Z,52,CONGESTION at SITE-UK-LON-014 for 52 minutes. Affected DATA+VOICE service for customer CUST-4895. Resulted in DATA charge of $127.13 (charge CHG-GEN-9ED8DE).
CUST-6507,ACC-6507,NF-GEN-84E152,SIGNAL_DEGRADATION,MEDIUM,VOICE,SITE-FR-PAR-021,2026-08-31T18:14:54Z,221,SIGNAL_DEGRADATION at SITE-FR-PAR-021 for 221 minutes. Affected VOICE service for customer CUST-6507. Resulted in VOICE charge of $36.79 (charge CHG-GEN-1EE4D6).
CUST-8271,ACC-8271,NF-GEN-2DFDC6,SIGNAL_DEGRADATION,MEDIUM,DATA+VOICE,SITE-UAE-DXB-01,2026-09-05T11:06:54Z,25,SIGNAL_DEGRADATION at SITE-UAE-DXB-01 for 25 minutes. Affected DATA+VOICE service for customer CUST-8271. Resulted in VOICE charge of $93.93 (charge CHG-GEN-6A4621).
CUST-6173,ACC-6173,NF-GEN-7BB899,SIGNAL_DEGRADATION,LOW,VOICE,SITE-UK-LON-014,2026-08-29T11:58:54Z,171,SIGNAL_DEGRADATION at SITE-UK-LON-014 for 171 minutes. Affected VOICE service for customer CUST-6173. Resulted in VOICE charge of $162.02 (charge CHG-GEN-25090A).
CUST-6856,ACC-6856,NF-GEN-962B12,ROAMING_PARTNER_OUTAGE,MEDIUM,ROAMING,SITE-FR-PAR-021,2026-09-01T07:27:54Z,215,ROAMING_PARTNER_OUTAGE at SITE-FR-PAR-021 for 215 minutes. Affected ROAMING service for customer CUST-6856. Resulted in ROAMING charge of $111.72 (charge CHG-GEN-F6FDD0).
CUST-5041,ACC-5041,NF-GEN-48F4D7,ROAMING_PARTNER_OUTAGE,LOW,ROAMING,SITE-UK-LON-014,2026-09-05T09:17:54Z,219,ROAMING_PARTNER_OUTAGE at SITE-UK-LON-014 for 219 minutes. Affected ROAMING service for customer CUST-5041. Resulted in ROAMING charge of $90.27 (charge CHG-GEN-A3C6F4).
CUST-8054,ACC-8054,NF-GEN-919103,CONGESTION,CRITICAL,DATA,SITE-FR-PAR-021,2026-09-15T07:24:54Z,28,CONGESTION at SITE-FR-PAR-021 for 28 minutes. Affected DATA service for customer CUST-8054. Resulted in DATA charge of $87.03 (charge CHG-GEN-2FD833).
CUST-2589,ACC-2589,NF-GEN-DA2CDD,ROAMING_PARTNER_OUTAGE,CRITICAL,ROAMING,SITE-UK-LON-014,2026-09-05T06:11:54Z,147,ROAMING_PARTNER_OUTAGE at SITE-UK-LON-014 for 147 minutes. Affected ROAMING service for customer CUST-2589. Resulted in ROAMING charge of $139.08 (charge CHG-GEN-2A2126).
CUST-3217,ACC-3217,NF-GEN-4DD826,ROAMING_PARTNER_OUTAGE,MEDIUM,ROAMING,SITE-DE-BER-002,2026-09-08T09:08:54Z,210,ROAMING_PARTNER_OUTAGE at SITE-DE-BER-002 for 210 minutes. Affected ROAMING service for customer CUST-3217. Resulted in ROAMING charge of $156.95 (charge CHG-GEN-C1DABC).
CUST-2833,ACC-2833,NF-GEN-0CC7FF,CELL_OUTAGE,LOW,VOICE,SITE-ES-MAD-009,2026-08-28T00:06:54Z,144,CELL_OUTAGE at SITE-ES-MAD-009 for 144 minutes. Affected VOICE service for customer CUST-2833. Resulted in DATA charge of $90.36 (charge CHG-GEN-3D105A).
CUST-4719,ACC-4719,NF-GEN-66800F,ROAMING_PARTNER_OUTAGE,HIGH,ROAMING,SITE-ES-MAD-009,2026-09-09T02:08:54Z,141,ROAMING_PARTNER_OUTAGE at SITE-ES-MAD-009 for 141 minutes. Affected ROAMING service for customer CUST-4719. Resulted in ROAMING charge of $131.41 (charge CHG-GEN-F1D6B3).
CUST-7728,ACC-7728,NF-GEN-416771,SIGNAL_DEGRADATION,HIGH,VOICE,SITE-UAE-DXB-01,2026-09-09T12:51:54Z,156,SIGNAL_DEGRADATION at SITE-UAE-DXB-01 for 156 minutes. Affected VOICE service for customer CUST-7728. Resulted in VOICE charge of $43.62 (charge CHG-GEN-5ABB98).
CUST-7312,ACC-7312,NF-GEN-AD8E69,CELL_OUTAGE,MEDIUM,VOICE,SITE-ES-MAD-009,2026-08-31T11:52:54Z,229,CELL_OUTAGE at SITE-ES-MAD-009 for 229 minutes. Affected VOICE service for customer CUST-7312. Resulted in DATA charge of $96.31 (charge CHG-GEN-154527).
CUST-2968,ACC-2968,NF-GEN-EB66A4,ROAMING_PARTNER_OUTAGE,CRITICAL,ROAMING,SITE-FR-PAR-021,2026-09-01T16:10:54Z,111,ROAMING_PARTNER_OUTAGE at SITE-FR-PAR-021 for 111 minutes. Affected ROAMING service for customer CUST-2968. Resulted in ROAMING charge of $115.67 (charge CHG-GEN-DF1FB2).
CUST-3674,ACC-3674,NF-GEN-F5FDBC,ROAMING_PARTNER_OUTAGE,CRITICAL,ROAMING,SITE-UK-LON-014,2026-09-16T01:33:54Z,19,ROAMING_PARTNER_OUTAGE at SITE-UK-LON-014 for 19 minutes. Affected ROAMING service for customer CUST-3674. Resulted in ROAMING charge of $125.91 (charge CHG-GEN-1E7ACE).
CUST-9425,ACC-9425,NF-GEN-3E5CCA,CELL_OUTAGE,LOW,DATA+VOICE,SITE-FR-PAR-021,2026-08-30T21:48:54Z,39,CELL_OUTAGE at SITE-FR-PAR-021 for 39 minutes. Affected DATA+VOICE service for customer CUST-9425. Resulted in DATA charge of $33.16 (charge CHG-GEN-75BDA3).
CUST-4747,ACC-4747,NF-GEN-DE7529,CONGESTION,LOW,VOICE,SITE-DE-BER-002,2026-09-14T19:18:54Z,232,CONGESTION at SITE-DE-BER-002 for 232 minutes. Affected VOICE service for customer CUST-4747. Resulted in DATA charge of $53.04 (charge CHG-GEN-DB09BC).
CUST-4777,ACC-4777,NF-GEN-160EF5,SIGNAL_DEGRADATION,LOW,DATA+VOICE,SITE-ES-MAD-009,2026-09-07T04:42:54Z,212,SIGNAL_DEGRADATION at SITE-ES-MAD-009 for 212 minutes. Affected DATA+VOICE service for customer CUST-4777. Resulted in VOICE charge of $110.85 (charge CHG-GEN-933D19).
CUST-6743,ACC-6743,NF-GEN-D1D984,ROAMING_PARTNER_OUTAGE,CRITICAL,ROAMING,SITE-FR-PAR-021,2026-08-28T09:16:54Z,202,ROAMING_PARTNER_OUTAGE at SITE-FR-PAR-021 for 202 minutes. Affected ROAMING service for customer CUST-6743. Resulted in ROAMING charge of $114.23 (charge CHG-GEN-B639C1).
CUST-9372,ACC-9372,NF-GEN-A65F13,CONGESTION,LOW,DATA,SITE-ES-MAD-009,2026-09-09T22:08:54Z,122,CONGESTION at SITE-ES-MAD-009 for 122 minutes. Affected DATA service for customer CUST-9372. Resulted in DATA charge of $84.42 (charge CHG-GEN-63D5E8).
CUST-8045,ACC-8045,NF-GEN-D7219A,CELL_OUTAGE,CRITICAL,VOICE,SITE-ES-MAD-009,2026-08-29T16:08:54Z,209,CELL_OUTAGE at SITE-ES-MAD-009 for 209 minutes. Affected VOICE service for customer CUST-8045. Resulted in DATA charge of $52.58 (charge CHG-GEN-E69ABA).
CUST-8870,ACC-8870,NF-GEN-E645B7,ROAMING_PARTNER_OUTAGE,HIGH,ROAMING,SITE-DE-BER-002,2026-08-29T13:49:54Z,52,ROAMING_PARTNER_OUTAGE at SITE-DE-BER-002 for 52 minutes. Affected ROAMING service for customer CUST-8870. Resulted in ROAMING charge of $70.19 (charge CHG-GEN-F58033).
CUST-7729,ACC-7729,NF-GEN-6CF41A,ROAMING_PARTNER_OUTAGE,CRITICAL,ROAMING,SITE-ES-MAD-009,2026-08-30T06:07:54Z,234,ROAMING_PARTNER_OUTAGE at SITE-ES-MAD-009 for 234 minutes. Affected ROAMING service for customer CUST-7729. Resulted in ROAMING charge of $74.21 (charge CHG-GEN-6A0CDD).
CUST-6252,ACC-6252,NF-GEN-2F118B,SIGNAL_DEGRADATION,MEDIUM,DATA,SITE-DE-BER-002,2026-09-08T19:37:54Z,206,SIGNAL_DEGRADATION at SITE-DE-BER-002 for 206 minutes. Affected DATA service for customer CUST-6252. Resulted in VOICE charge of $45.04 (charge CHG-GEN-F88805).
CUST-3083,ACC-3083,NF-GEN-4B26D6,SIGNAL_DEGRADATION,MEDIUM,VOICE,SITE-DE-BER-002,2026-09-07T22:51:54Z,225,SIGNAL_DEGRADATION at SITE-DE-BER-002 for 225 minutes. Affected VOICE service for customer CUST-3083. Resulted in VOICE charge of $66.1 (charge CHG-GEN-21A100).
CUST-6824,ACC-6824,NF-GEN-000B1E,CONGESTION,HIGH,DATA,SITE-ES-MAD-009,2026-08-28T19:03:54Z,199,CONGESTION at SITE-ES-MAD-009 for 199 minutes. Affected DATA service for customer CUST-6824. Resulted in DATA charge of $122.18 (charge CHG-GEN-D0AA8D).
CUST-8394,ACC-8394,NF-GEN-14B2C9,ROAMING_PARTNER_OUTAGE,CRITICAL,ROAMING,SITE-UK-LON-014,2026-09-03T02:44:54Z,71,ROAMING_PARTNER_OUTAGE at SITE-UK-LON-014 for 71 minutes. Affected ROAMING service for customer CUST-8394. Resulted in ROAMING charge of $87.52 (charge CHG-GEN-5A91E5).
CUST-6810,ACC-6810,NF-GEN-1429B9,CONGESTION,CRITICAL,DATA,SITE-UAE-DXB-01,2026-08-29T15:00:54Z,59,CONGESTION at SITE-UAE-DXB-01 for 59 minutes. Affected DATA service for customer CUST-6810. Resulted in DATA charge of $93.96 (charge CHG-GEN-CC2D9D).
CUST-3661,ACC-3661,NF-GEN-61F538,CONGESTION,LOW,DATA+VOICE,SITE-DE-BER-002,2026-08-27T15:12:54Z,215,CONGESTION at SITE-DE-BER-002 for 215 minutes. Affected DATA+VOICE service for customer CUST-3661. Resulted in DATA charge of $169.89 (charge CHG-GEN-580B32).
CUST-3402,ACC-3402,NF-GEN-66C50B,CONGESTION,MEDIUM,DATA,SITE-FR-PAR-021,2026-09-08T23:39:54Z,16,CONGESTION at SITE-FR-PAR-021 for 16 minutes. Affected DATA service for customer CUST-3402. Resulted in DATA charge of $170.63 (charge CHG-GEN-22F534).
CUST-8587,ACC-8587,NF-GEN-17A983,CONGESTION,LOW,DATA+VOICE,SITE-UAE-DXB-01,2026-09-02T22:54:54Z,64,CONGESTION at SITE-UAE-DXB-01 for 64 minutes. Affected DATA+VOICE service for customer CUST-8587. Resulted in DATA charge of $157.7 (charge CHG-GEN-4BF8E8).
CUST-7382,ACC-7382,NF-GEN-98EED7,SIGNAL_DEGRADATION,MEDIUM,DATA+VOICE,SITE-UK-LON-014,2026-09-12T11:00:54Z,165,SIGNAL_DEGRADATION at SITE-UK-LON-014 for 165 minutes. Affected DATA+VOICE service for customer CUST-7382. Resulted in VOICE charge of $133.83 (charge CHG-GEN-04E04D).
CUST-8012,ACC-8012,NF-GEN-D5EE97,CONGESTION,HIGH,VOICE,SITE-UK-LON-014,2026-09-03T11:29:54Z,141,CONGESTION at SITE-UK-LON-014 for 141 minutes. Affected VOICE service for customer CUST-8012. Resulted in DATA charge of $63.27 (charge CHG-GEN-3386E8).
CUST-6268,ACC-6268,NF-GEN-24DAB8,CELL_OUTAGE,LOW,DATA+VOICE,SITE-FR-PAR-021,2026-08-29T04:33:54Z,166,CELL_OUTAGE at SITE-FR-PAR-021 for 166 minutes. Affected DATA+VOICE service for customer CUST-6268. Resulted in DATA charge of $123.4 (charge CHG-GEN-E38E24).
CUST-7607,ACC-7607,NF-GEN-B8330E,CONGESTION,CRITICAL,DATA,SITE-ES-MAD-009,2026-09-04T10:42:54Z,24,CONGESTION at SITE-ES-MAD-009 for 24 minutes. Affected DATA service for customer CUST-7607. Resulted in DATA charge of $137.38 (charge CHG-GEN-A7AFAD).
CUST-3329,ACC-3329,NF-GEN-4DD098,CELL_OUTAGE,HIGH,DATA+VOICE,SITE-ES-MAD-009,2026-09-13T14:30:54Z,149,CELL_OUTAGE at SITE-ES-MAD-009 for 149 minutes. Affected DATA+VOICE service for customer CUST-3329. Resulted in DATA charge of $35.3 (charge CHG-GEN-42EC0C).
CUST-6257,ACC-6257,NF-GEN-2A5F56,SIGNAL_DEGRADATION,LOW,DATA+VOICE,SITE-FR-PAR-021,2026-09-16T17:27:54Z,152,SIGNAL_DEGRADATION at SITE-FR-PAR-021 for 152 minutes. Affected DATA+VOICE service for customer CUST-6257. Resulted in VOICE charge of $59.1 (charge CHG-GEN-64FD9B).
CUST-2879,ACC-2879,NF-GEN-CCD725,CELL_OUTAGE,CRITICAL,DATA+VOICE,SITE-DE-BER-002,2026-09-17T01:02:54Z,33,CELL_OUTAGE at SITE-DE-BER-002 for 33 minutes. Affected DATA+VOICE service for customer CUST-2879. Resulted in DATA charge of $94.25 (charge CHG-GEN-E083D7).
CUST-9617,ACC-9617,NF-GEN-09A2C0,CONGESTION,CRITICAL,VOICE,SITE-DE-BER-002,2026-09-07T17:07:54Z,231,CONGESTION at SITE-DE-BER-002 for 231 minutes. Affected VOICE service for customer CUST-9617. Resulted in DATA charge of $50.8 (charge CHG-GEN-5BC4D3).
CUST-3122,ACC-3122,NF-GEN-912CCA,CONGESTION,HIGH,DATA,SITE-UAE-DXB-01,2026-09-12T22:37:54Z,15,CONGESTION at SITE-UAE-DXB-01 for 15 minutes. Affected DATA service for customer CUST-3122. Resulted in DATA charge of $110.2 (charge CHG-GEN-193195).
CUST-9312,ACC-9312,NF-GEN-E05BC0,SIGNAL_DEGRADATION,CRITICAL,VOICE,SITE-FR-PAR-021,2026-08-31T09:07:54Z,136,SIGNAL_DEGRADATION at SITE-FR-PAR-021 for 136 minutes. Affected VOICE service for customer CUST-9312. Resulted in VOICE charge of $99.58 (charge CHG-GEN-A7E9AE).
CUST-4915,ACC-4915,NF-GEN-859D4F,ROAMING_PARTNER_OUTAGE,CRITICAL,ROAMING,SITE-UAE-DXB-01,2026-09-07T13:36:54Z,105,ROAMING_PARTNER_OUTAGE at SITE-UAE-DXB-01 for 105 minutes. Affected ROAMING service for customer CUST-4915. Resulted in ROAMING charge of $131.16 (charge CHG-GEN-527930).
CUST-3746,ACC-3746,NF-GEN-B95960,CONGESTION,MEDIUM,DATA+VOICE,SITE-UAE-DXB-01,2026-09-01T02:42:54Z,130,CONGESTION at SITE-UAE-DXB-01 for 130 minutes. Affected DATA+VOICE service for customer CUST-3746. Resulted in DATA charge of $111.83 (charge CHG-GEN-6875A8).
CUST-3839,ACC-3839,NF-GEN-449B31,SIGNAL_DEGRADATION,HIGH,VOICE,SITE-ES-MAD-009,2026-08-27T09:49:54Z,198,SIGNAL_DEGRADATION at SITE-ES-MAD-009 for 198 minutes. Affected VOICE service for customer CUST-3839. Resulted in VOICE charge of $52.98 (charge CHG-GEN-585A60).
CUST-9128,ACC-9128,NF-GEN-9D2CF9,ROAMING_PARTNER_OUTAGE,LOW,ROAMING,SITE-UAE-DXB-01,2026-08-31T03:38:54Z,62,ROAMING_PARTNER_OUTAGE at SITE-UAE-DXB-01 for 62 minutes. Affected ROAMING service for customer CUST-9128. Resulted in ROAMING charge of $148.43 (charge CHG-GEN-024735).
CUST-2730,ACC-2730,NF-GEN-085F56,CONGESTION,MEDIUM,DATA+VOICE,SITE-FR-PAR-021,2026-09-13T01:31:54Z,191,CONGESTION at SITE-FR-PAR-021 for 191 minutes. Affected DATA+VOICE service for customer CUST-2730. Resulted in DATA charge of $169.02 (charge CHG-GEN-EEE876).
CUST-7253,ACC-7253,NF-GEN-D82F92,SIGNAL_DEGRADATION,HIGH,DATA,SITE-DE-BER-002,2026-08-29T01:14:54Z,218,SIGNAL_DEGRADATION at SITE-DE-BER-002 for 218 minutes. Affected DATA service for customer CUST-7253. Resulted in VOICE charge of $143.26 (charge CHG-GEN-ADC5DA).
CUST-2118,ACC-2118,NF-GEN-6A2E89,ROAMING_PARTNER_OUTAGE,LOW,ROAMING,SITE-DE-BER-002,2026-09-03T22:54:54Z,218,ROAMING_PARTNER_OUTAGE at SITE-DE-BER-002 for 218 minutes. Affected ROAMING service for customer CUST-2118. Resulted in ROAMING charge of $90.63 (charge CHG-GEN-DD0C21).
CUST-7462,ACC-7462,NF-GEN-DA10E0,ROAMING_PARTNER_OUTAGE,MEDIUM,ROAMING,SITE-UK-LON-014,2026-09-09T09:24:54Z,212,ROAMING_PARTNER_OUTAGE at SITE-UK-LON-014 for 212 minutes. Affected ROAMING service for customer CUST-7462. Resulted in ROAMING charge of $120.01 (charge CHG-GEN-4918E6).
CUST-4984,ACC-4984,NF-GEN-9B94D0,CONGESTION,HIGH,DATA,SITE-UK-LON-014,2026-09-10T02:00:54Z,40,CONGESTION at SITE-UK-LON-014 for 40 minutes. Affected DATA service for customer CUST-4984. Resulted in DATA charge of $41.7 (charge CHG-GEN-C8910F).
CUST-5993,ACC-5993,NF-GEN-6B841E,CELL_OUTAGE,HIGH,DATA+VOICE,SITE-FR-PAR-021,2026-08-28T11:24:54Z,59,CELL_OUTAGE at SITE-FR-PAR-021 for 59 minutes. Affected DATA+VOICE service for customer CUST-5993. Resulted in DATA charge of $108.84 (charge CHG-GEN-73EFF3).
CUST-4199,ACC-4199,NF-GEN-45CD5D,CONGESTION,LOW,DATA,SITE-UK-LON-014,2026-08-30T11:19:54Z,207,CONGESTION at SITE-UK-LON-014 for 207 minutes. Affected DATA service for customer CUST-4199. Resulted in DATA charge of $159.46 (charge CHG-GEN-B192CA).
CUST-3447,ACC-3447,NF-GEN-B147EE,CONGESTION,CRITICAL,DATA,SITE-FR-PAR-021,2026-09-07T11:01:54Z,87,CONGESTION at SITE-FR-PAR-021 for 87 minutes. Affected DATA service for customer CUST-3447. Resulted in DATA charge of $136.52 (charge CHG-GEN-39F5A9).
CUST-9590,ACC-9590,NF-GEN-BEC943,ROAMING_PARTNER_OUTAGE,HIGH,ROAMING,SITE-ES-MAD-009,2026-09-09T18:15:54Z,171,ROAMING_PARTNER_OUTAGE at SITE-ES-MAD-009 for 171 minutes. Affected ROAMING service for customer CUST-9590. Resulted in ROAMING charge of $116.21 (charge CHG-GEN-5D2853).
CUST-8622,ACC-8622,NF-GEN-2BA21E,CELL_OUTAGE,CRITICAL,DATA,SITE-UAE-DXB-01,2026-08-31T02:41:54Z,194,CELL_OUTAGE at SITE-UAE-DXB-01 for 194 minutes. Affected DATA service for customer CUST-8622. Resulted in DATA charge of $116.38 (charge CHG-GEN-505A26).
CUST-3956,ACC-3956,NF-GEN-4BB0AA,ROAMING_PARTNER_OUTAGE,CRITICAL,ROAMING,SITE-UK-LON-014,2026-09-12T00:17:54Z,55,ROAMING_PARTNER_OUTAGE at SITE-UK-LON-014 for 55 minutes. Affected ROAMING service for customer CUST-3956. Resulted in ROAMING charge of $85.81 (charge CHG-GEN-092874).
CUST-7363,ACC-7363,NF-GEN-D2A297,ROAMING_PARTNER_OUTAGE,CRITICAL,ROAMING,SITE-DE-BER-002,2026-09-11T18:13:54Z,146,ROAMING_PARTNER_OUTAGE at SITE-DE-BER-002 for 146 minutes. Affected ROAMING service for customer CUST-7363. Resulted in ROAMING charge of $100.71 (charge CHG-GEN-C021FC).
CUST-4252,ACC-4252,NF-GEN-05A9E2,SIGNAL_DEGRADATION,HIGH,DATA,SITE-UK-LON-014,2026-09-09T00:31:54Z,94,SIGNAL_DEGRADATION at SITE-UK-LON-014 for 94 minutes. Affected DATA service for customer CUST-4252. Resulted in VOICE charge of $162.52 (charge CHG-GEN-4FDA6D).
CUST-8158,ACC-8158,NF-GEN-9BF284,CELL_OUTAGE,MEDIUM,DATA+VOICE,SITE-FR-PAR-021,2026-09-12T04:55:54Z,64,CELL_OUTAGE at SITE-FR-PAR-021 for 64 minutes. Affected DATA+VOICE service for customer CUST-8158. Resulted in DATA charge of $152.88 (charge CHG-GEN-B501B4).
CUST-4903,ACC-4903,NF-GEN-31D324,SIGNAL_DEGRADATION,LOW,VOICE,SITE-UAE-DXB-01,2026-09-05T21:12:54Z,36,SIGNAL_DEGRADATION at SITE-UAE-DXB-01 for 36 minutes. Affected VOICE service for customer CUST-4903. Resulted in VOICE charge of $164.06 (charge CHG-GEN-293B9B).
CUST-6733,ACC-6733,NF-GEN-2C97BA,CONGESTION,CRITICAL,DATA,SITE-DE-BER-002,2026-09-12T10:35:54Z,80,CONGESTION at SITE-DE-BER-002 for 80 minutes. Affected DATA service for customer CUST-6733. Resulted in DATA charge of $89.21 (charge CHG-GEN-F19345).
CUST-8211,ACC-8211,NF-GEN-F6E67D,ROAMING_PARTNER_OUTAGE,HIGH,ROAMING,SITE-UAE-DXB-01,2026-09-07T19:37:54Z,172,ROAMING_PARTNER_OUTAGE at SITE-UAE-DXB-01 for 172 minutes. Affected ROAMING service for customer CUST-8211. Resulted in ROAMING charge of $58.69 (charge CHG-GEN-51CEB9).
CUST-3057,ACC-3057,NF-GEN-E38160,SIGNAL_DEGRADATION,LOW,DATA+VOICE,SITE-UK-LON-014,2026-09-02T16:09:54Z,55,SIGNAL_DEGRADATION at SITE-UK-LON-014 for 55 minutes. Affected DATA+VOICE service for customer CUST-3057. Resulted in VOICE charge of $138.28 (charge CHG-GEN-D28148).
CUST-8079,ACC-8079,NF-GEN-DAE6F6,SIGNAL_DEGRADATION,CRITICAL,VOICE,SITE-ES-MAD-009,2026-08-28T13:07:54Z,129,SIGNAL_DEGRADATION at SITE-ES-MAD-009 for 129 minutes. Affected VOICE service for customer CUST-8079. Resulted in VOICE charge of $146.43 (charge CHG-GEN-DBBAE6).
CUST-2938,ACC-2938,NF-GEN-F33FD0,CELL_OUTAGE,MEDIUM,DATA+VOICE,SITE-ES-MAD-009,2026-09-14T07:45:54Z,177,CELL_OUTAGE at SITE-ES-MAD-009 for 177 minutes. Affected DATA+VOICE service for customer CUST-2938. Resulted in DATA charge of $103.04 (charge CHG-GEN-B50138).
CUST-6982,ACC-6982,NF-GEN-A04722,CELL_OUTAGE,CRITICAL,DATA,SITE-FR-PAR-021,2026-09-16T02:22:54Z,229,CELL_OUTAGE at SITE-FR-PAR-021 for 229 minutes. Affected DATA service for customer CUST-6982. Resulted in DATA charge of $93.12 (charge CHG-GEN-7CD8DB).
CUST-2565,ACC-2565,NF-GEN-EE4CD5,CELL_OUTAGE,LOW,DATA,SITE-FR-PAR-021,2026-09-07T08:35:54Z,203,CELL_OUTAGE at SITE-FR-PAR-021 for 203 minutes. Affected DATA service for customer CUST-2565. Resulted in DATA charge of $85.22 (charge CHG-GEN-56818D).
CUST-4681,ACC-4681,NF-GEN-7C55FC,CONGESTION,MEDIUM,VOICE,SITE-UAE-DXB-01,2026-09-05T01:36:54Z,100,CONGESTION at SITE-UAE-DXB-01 for 100 minutes. Affected VOICE service for customer CUST-4681. Resulted in DATA charge of $110.13 (charge CHG-GEN-C5DBAB).
CUST-2224,ACC-2224,NF-GEN-37004B,SIGNAL_DEGRADATION,CRITICAL,VOICE,SITE-UAE-DXB-01,2026-09-03T02:37:54Z,119,SIGNAL_DEGRADATION at SITE-UAE-DXB-01 for 119 minutes. Affected VOICE service for customer CUST-2224. Resulted in VOICE charge of $75.61 (charge CHG-GEN-59F8A0).
CUST-8738,ACC-8738,NF-GEN-CCAB17,SIGNAL_DEGRADATION,CRITICAL,DATA+VOICE,SITE-UK-LON-014,2026-09-10T06:26:54Z,230,SIGNAL_DEGRADATION at SITE-UK-LON-014 for 230 minutes. Affected DATA+VOICE service for customer CUST-8738. Resulted in VOICE charge of $160.28 (charge CHG-GEN-5BC961).
CUST-9233,ACC-9233,NF-GEN-209214,ROAMING_PARTNER_OUTAGE,HIGH,ROAMING,SITE-FR-PAR-021,2026-09-12T16:08:54Z,57,ROAMING_PARTNER_OUTAGE at SITE-FR-PAR-021 for 57 minutes. Affected ROAMING service for customer CUST-9233. Resulted in ROAMING charge of $168.67 (charge CHG-GEN-DC4983).
CUST-5060,ACC-5060,NF-GEN-569568,ROAMING_PARTNER_OUTAGE,LOW,ROAMING,SITE-DE-BER-002,2026-09-09T07:05:54Z,144,ROAMING_PARTNER_OUTAGE at SITE-DE-BER-002 for 144 minutes. Affected ROAMING service for customer CUST-5060. Resulted in ROAMING charge of $157.32 (charge CHG-GEN-39819E).
CUST-2206,ACC-2206,NF-GEN-08958C,CONGESTION,MEDIUM,VOICE,SITE-FR-PAR-021,2026-09-09T20:06:54Z,36,CONGESTION at SITE-FR-PAR-021 for 36 minutes. Affected VOICE service for customer CUST-2206. Resulted in DATA charge of $114.86 (charge CHG-GEN-99E284).
CUST-3036,ACC-3036,NF-GEN-D4687B,CONGESTION,HIGH,DATA,SITE-DE-BER-002,2026-09-05T12:55:54Z,193,CONGESTION at SITE-DE-BER-002 for 193 minutes. Affected DATA service for customer CUST-3036. Resulted in DATA charge of $108.41 (charge CHG-GEN-09B37C).
CUST-9676,ACC-9676,NF-GEN-75E52B,CONGESTION,CRITICAL,DATA+VOICE,SITE-UAE-DXB-01,2026-08-29T13:07:54Z,141,CONGESTION at SITE-UAE-DXB-01 for 141 minutes. Affected DATA+VOICE service for customer CUST-9676. Resulted in DATA charge of $93.52 (charge CHG-GEN-7B3041).
CUST-2343,ACC-2343,NF-GEN-175A38,ROAMING_PARTNER_OUTAGE,CRITICAL,ROAMING,SITE-FR-PAR-021,2026-09-12T23:22:54Z,52,ROAMING_PARTNER_OUTAGE at SITE-FR-PAR-021 for 52 minutes. Affected ROAMING service for customer CUST-2343. Resulted in ROAMING charge of $117.91 (charge CHG-GEN-F7807A).
CUST-5028,ACC-5028,NF-GEN-050106,CONGESTION,CRITICAL,VOICE,SITE-DE-BER-002,2026-08-28T01:11:54Z,229,CONGESTION at SITE-DE-BER-002 for 229 minutes. Affected VOICE service for customer CUST-5028. Resulted in DATA charge of $126.46 (charge CHG-GEN-29C807).
CUST-6564,ACC-6564,NF-GEN-8C21B2,CONGESTION,LOW,DATA+VOICE,SITE-FR-PAR-021,2026-08-27T11:05:54Z,174,CONGESTION at SITE-FR-PAR-021 for 174 minutes. Affected DATA+VOICE service for customer CUST-6564. Resulted in DATA charge of $104.03 (charge CHG-GEN-F696DD).
CUST-3799,ACC-3799,NF-GEN-3F2A79,ROAMING_PARTNER_OUTAGE,CRITICAL,ROAMING,SITE-FR-PAR-021,2026-09-01T08:41:54Z,131,ROAMING_PARTNER_OUTAGE at SITE-FR-PAR-021 for 131 minutes. Affected ROAMING service for customer CUST-3799. Resulted in ROAMING charge of $79.12 (charge CHG-GEN-FF3948).
CUST-6282,ACC-6282,NF-GEN-D05869,CONGESTION,LOW,VOICE,SITE-UK-LON-014,2026-09-15T11:31:54Z,220,CONGESTION at SITE-UK-LON-014 for 220 minutes. Affected VOICE service for customer CUST-6282. Resulted in DATA charge of $96.78 (charge CHG-GEN-101628).
CUST-6465,ACC-6465,NF-GEN-220038,SIGNAL_DEGRADATION,CRITICAL,DATA+VOICE,SITE-ES-MAD-009,2026-09-02T12:43:54Z,155,SIGNAL_DEGRADATION at SITE-ES-MAD-009 for 155 minutes. Affected DATA+VOICE service for customer CUST-6465. Resulted in VOICE charge of $110.45 (charge CHG-GEN-DB69DA).
CUST-9082,ACC-9082,NF-GEN-ABEC14,CONGESTION,HIGH,DATA,SITE-FR-PAR-021,2026-09-11T07:45:54Z,223,CONGESTION at SITE-FR-PAR-021 for 223 minutes. Affected DATA service for customer CUST-9082. Resulted in DATA charge of $144.93 (charge CHG-GEN-B945C8).
CUST-9492,ACC-9492,NF-GEN-44F169,ROAMING_PARTNER_OUTAGE,LOW,ROAMING,SITE-UK-LON-014,2026-09-13T21:42:54Z,128,ROAMING_PARTNER_OUTAGE at SITE-UK-LON-014 for 128 minutes. Affected ROAMING service for customer CUST-9492. Resulted in ROAMING charge of $126.59 (charge CHG-GEN-464209).
CUST-3828,ACC-3828,NF-GEN-FE6EBB,ROAMING_PARTNER_OUTAGE,LOW,ROAMING,SITE-FR-PAR-021,2026-08-30T02:18:54Z,237,ROAMING_PARTNER_OUTAGE at SITE-FR-PAR-021 for 237 minutes. Affected ROAMING service for customer CUST-3828. Resulted in ROAMING charge of $48.25 (charge CHG-GEN-C42656).
