customer_id,account_id,invoice_id,payment_id,payment_amount,payment_date,payment_status,payment_failure_id,failure_type,failure_reason,failure_date,card_last_four,issuer_response
CUST-3032,ACC-3032,INV-GEN-0AF650,PAY-GEN-A951DC,150.32,2026-08-28,FAILED,PF-GEN-3321BC,INSUFFICIENT_FUNDS_REPORTED,"Issuer reported insufficient funds, disputed by customer",2026-08-28,1053,INSUFFICIENT_FUNDS
CUST-5209,ACC-5209,INV-GEN-F43FAE,PAY-GEN-35074B,173.73,2026-09-11,FAILED,PF-GEN-74CC6A,EXPIRED_CARD,Card on file expired before the auto-charge ran,2026-09-11,9415,EXPIRED_CARD
CUST-9679,ACC-9679,INV-GEN-331D1A,PAY-GEN-DE5A00,98.89,2026-09-08,FAILED,PF-GEN-F52B0D,INSUFFICIENT_FUNDS_REPORTED,"Issuer reported insufficient funds, disputed by customer",2026-09-08,5778,INSUFFICIENT_FUNDS
CUST-4367,ACC-4367,INV-GEN-13D0FF,PAY-GEN-F22ED2,209.95,2026-09-03,FAILED,PF-GEN-9925B5,EXPIRED_CARD,Card on file expired before the auto-charge ran,2026-09-03,7390,EXPIRED_CARD
CUST-7925,ACC-7925,INV-GEN-670467,PAY-GEN-8D69AD,204.88,2026-09-06,FAILED,PF-GEN-053C80,INSUFFICIENT_FUNDS_REPORTED,"Issuer reported insufficient funds, disputed by customer",2026-09-06,5032,INSUFFICIENT_FUNDS
CUST-6354,ACC-6354,INV-GEN-7A343F,PAY-GEN-DA2F09,107.51,2026-09-14,FAILED,PF-GEN-1440D3,INSUFFICIENT_FUNDS_REPORTED,"Issuer reported insufficient funds, disputed by customer",2026-09-14,6116,INSUFFICIENT_FUNDS
CUST-2384,ACC-2384,INV-GEN-8D4098,PAY-GEN-D050C1,174.13,2026-08-30,FAILED,PF-GEN-E0A02A,EXPIRED_CARD,Card on file expired before the auto-charge ran,2026-08-30,9346,EXPIRED_CARD
CUST-7738,ACC-7738,INV-GEN-ED34F4,PAY-GEN-4DAC54,81.61,2026-09-13,FAILED,PF-GEN-74268D,ISSUER_TIMEOUT,Issuer gateway timed out mid-authorization,2026-09-13,6707,TIMEOUT
CUST-6795,ACC-6795,INV-GEN-7AD12F,PAY-GEN-7BB7B8,138.03,2026-09-07,FAILED,PF-GEN-09D06A,ISSUER_TIMEOUT,Issuer gateway timed out mid-authorization,2026-09-07,2141,TIMEOUT
CUST-5657,ACC-5657,INV-GEN-FD1517,PAY-GEN-FF508A,100.02,2026-09-14,FAILED,PF-GEN-31614F,CARD_DECLINED,Issuer declined the charge despite sufficient reported funds,2026-09-14,8668,DO_NOT_HONOR
CUST-9641,ACC-9641,INV-GEN-D62B58,PAY-GEN-399C68,92.14,2026-08-29,FAILED,PF-GEN-FAE1C4,CARD_DECLINED,Issuer declined the charge despite sufficient reported funds,2026-08-29,7272,DO_NOT_HONOR
CUST-8022,ACC-8022,INV-GEN-17165B,PAY-GEN-F93A38,44.82,2026-09-09,FAILED,PF-GEN-86EE81,EXPIRED_CARD,Card on file expired before the auto-charge ran,2026-09-09,4335,EXPIRED_CARD
CUST-6659,ACC-6659,INV-GEN-028A98,PAY-GEN-D365FD,103.17,2026-08-29,FAILED,PF-GEN-943575,ISSUER_TIMEOUT,Issuer gateway timed out mid-authorization,2026-08-29,5389,TIMEOUT
CUST-3275,ACC-3275,INV-GEN-D5D756,PAY-GEN-D8782E,170.68,2026-09-13,FAILED,PF-GEN-D54280,CARD_DECLINED,Issuer declined the charge despite sufficient reported funds,2026-09-13,8512,DO_NOT_HONOR
CUST-9787,ACC-9787,INV-GEN-5CA481,PAY-GEN-0BCF13,23.18,2026-09-06,FAILED,PF-GEN-EF1FB3,ISSUER_TIMEOUT,Issuer gateway timed out mid-authorization,2026-09-06,3203,TIMEOUT
CUST-8459,ACC-8459,INV-GEN-5EF7D4,PAY-GEN-990CF7,34.29,2026-09-16,FAILED,PF-GEN-F7E162,EXPIRED_CARD,Card on file expired before the auto-charge ran,2026-09-16,9373,EXPIRED_CARD
CUST-6340,ACC-6340,INV-GEN-E5AF18,PAY-GEN-CD6F18,32.76,2026-09-01,FAILED,PF-GEN-6CFAC3,EXPIRED_CARD,Card on file expired before the auto-charge ran,2026-09-01,8495,EXPIRED_CARD
CUST-8114,ACC-8114,INV-GEN-26C6F2,PAY-GEN-68C569,29.98,2026-09-05,FAILED,PF-GEN-70E1AF,CARD_DECLINED,Issuer declined the charge despite sufficient reported funds,2026-09-05,3695,DO_NOT_HONOR
CUST-3549,ACC-3549,INV-GEN-FC5971,PAY-GEN-76B994,158.25,2026-08-30,FAILED,PF-GEN-9A5ACE,ISSUER_TIMEOUT,Issuer gateway timed out mid-authorization,2026-08-30,1302,TIMEOUT
CUST-8199,ACC-8199,INV-GEN-254D31,PAY-GEN-4E735F,86.98,2026-09-11,FAILED,PF-GEN-741CDC,ISSUER_TIMEOUT,Issuer gateway timed out mid-authorization,2026-09-11,9105,TIMEOUT
CUST-6417,ACC-6417,INV-GEN-184F83,PAY-GEN-1DBE60,79.68,2026-09-09,FAILED,PF-GEN-AA6308,CARD_DECLINED,Issuer declined the charge despite sufficient reported funds,2026-09-09,9552,DO_NOT_HONOR
CUST-7227,ACC-7227,INV-GEN-D28F0D,PAY-GEN-B5150D,142.41,2026-09-15,FAILED,PF-GEN-9D2988,CARD_DECLINED,Issuer declined the charge despite sufficient reported funds,2026-09-15,3666,DO_NOT_HONOR
CUST-9167,ACC-9167,INV-GEN-9CCD73,PAY-GEN-F6F85F,145.99,2026-09-08,FAILED,PF-GEN-7B8EF4,EXPIRED_CARD,Card on file expired before the auto-charge ran,2026-09-08,1211,EXPIRED_CARD
CUST-3371,ACC-3371,INV-GEN-78E124,PAY-GEN-A50639,53.21,2026-08-31,FAILED,PF-GEN-EE8B25,ISSUER_TIMEOUT,Issuer gateway timed out mid-authorization,2026-08-31,2075,TIMEOUT
CUST-4696,ACC-4696,INV-GEN-6F4F26,PAY-GEN-3780F4,135.72,2026-09-15,FAILED,PF-GEN-6A619B,INSUFFICIENT_FUNDS_REPORTED,"Issuer reported insufficient funds, disputed by customer",2026-09-15,4278,INSUFFICIENT_FUNDS
CUST-3648,ACC-3648,INV-GEN-FBE3E3,PAY-GEN-4F7E50,64.87,2026-09-16,FAILED,PF-GEN-8E7A23,EXPIRED_CARD,Card on file expired before the auto-charge ran,2026-09-16,8369,EXPIRED_CARD
CUST-5704,ACC-5704,INV-GEN-426A40,PAY-GEN-587239,107.17,2026-08-31,FAILED,PF-GEN-2BB290,ISSUER_TIMEOUT,Issuer gateway timed out mid-authorization,2026-08-31,6618,TIMEOUT
CUST-8245,ACC-8245,INV-GEN-909866,PAY-GEN-EC38D2,151.85,2026-09-01,FAILED,PF-GEN-3A5013,INSUFFICIENT_FUNDS_REPORTED,"Issuer reported insufficient funds, disputed by customer",2026-09-01,5001,INSUFFICIENT_FUNDS
CUST-2383,ACC-2383,INV-GEN-09C259,PAY-GEN-AE645D,211.06,2026-08-28,FAILED,PF-GEN-F6FF19,INSUFFICIENT_FUNDS_REPORTED,"Issuer reported insufficient funds, disputed by customer",2026-08-28,3050,INSUFFICIENT_FUNDS
CUST-2354,ACC-2354,INV-GEN-65DB40,PAY-GEN-F553CD,117.34,2026-08-28,FAILED,PF-GEN-F3B414,ISSUER_TIMEOUT,Issuer gateway timed out mid-authorization,2026-08-28,6605,TIMEOUT
CUST-7951,ACC-7951,INV-GEN-48F40F,PAY-GEN-3D30F0,87.53,2026-09-11,FAILED,PF-GEN-B8DAA0,CARD_DECLINED,Issuer declined the charge despite sufficient reported funds,2026-09-11,8847,DO_NOT_HONOR
CUST-9022,ACC-9022,INV-GEN-0E312E,PAY-GEN-DE2E76,58.89,2026-09-09,FAILED,PF-GEN-E5EC3F,INSUFFICIENT_FUNDS_REPORTED,"Issuer reported insufficient funds, disputed by customer",2026-09-09,6418,INSUFFICIENT_FUNDS
CUST-3745,ACC-3745,INV-GEN-3FA03C,PAY-GEN-6C1B23,208.29,2026-09-03,FAILED,PF-GEN-C24C72,EXPIRED_CARD,Card on file expired before the auto-charge ran,2026-09-03,3368,EXPIRED_CARD
CUST-9945,ACC-9945,INV-GEN-FE2B7B,PAY-GEN-F57B61,52.12,2026-09-08,FAILED,PF-GEN-B745EB,ISSUER_TIMEOUT,Issuer gateway timed out mid-authorization,2026-09-08,7344,TIMEOUT
CUST-8314,ACC-8314,INV-GEN-143931,PAY-GEN-71200D,108.88,2026-09-11,FAILED,PF-GEN-850310,ISSUER_TIMEOUT,Issuer gateway timed out mid-authorization,2026-09-11,8363,TIMEOUT
CUST-6419,ACC-6419,INV-GEN-ADC9DD,PAY-GEN-C95D1F,86.06,2026-09-05,FAILED,PF-GEN-2251E7,EXPIRED_CARD,Card on file expired before the auto-charge ran,2026-09-05,6242,EXPIRED_CARD
CUST-6338,ACC-6338,INV-GEN-767A0F,PAY-GEN-04820D,187.37,2026-09-14,FAILED,PF-GEN-AF850D,EXPIRED_CARD,Card on file expired before the auto-charge ran,2026-09-14,2650,EXPIRED_CARD
CUST-5307,ACC-5307,INV-GEN-8631BD,PAY-GEN-F5EE83,153.99,2026-09-14,FAILED,PF-GEN-1FDBB0,INSUFFICIENT_FUNDS_REPORTED,"Issuer reported insufficient funds, disputed by customer",2026-09-14,4776,INSUFFICIENT_FUNDS
CUST-2085,ACC-2085,INV-GEN-56C2FB,PAY-GEN-0D7379,22.22,2026-09-15,FAILED,PF-GEN-A66A59,INSUFFICIENT_FUNDS_REPORTED,"Issuer reported insufficient funds, disputed by customer",2026-09-15,8088,INSUFFICIENT_FUNDS
CUST-6434,ACC-6434,INV-GEN-414EE4,PAY-GEN-9C0A7B,28.68,2026-09-14,FAILED,PF-GEN-4158F4,INSUFFICIENT_FUNDS_REPORTED,"Issuer reported insufficient funds, disputed by customer",2026-09-14,8982,INSUFFICIENT_FUNDS
CUST-8964,ACC-8964,INV-GEN-BF92C5,PAY-GEN-ED15CB,169.85,2026-09-02,FAILED,PF-GEN-E29ADB,INSUFFICIENT_FUNDS_REPORTED,"Issuer reported insufficient funds, disputed by customer",2026-09-02,1573,INSUFFICIENT_FUNDS
CUST-4952,ACC-4952,INV-GEN-942F32,PAY-GEN-FBCDB0,173.62,2026-09-04,FAILED,PF-GEN-FCB9FF,EXPIRED_CARD,Card on file expired before the auto-charge ran,2026-09-04,2241,EXPIRED_CARD
CUST-7121,ACC-7121,INV-GEN-0D8537,PAY-GEN-21C70C,166.44,2026-09-15,FAILED,PF-GEN-BABD05,INSUFFICIENT_FUNDS_REPORTED,"Issuer reported insufficient funds, disputed by customer",2026-09-15,8757,INSUFFICIENT_FUNDS
CUST-5843,ACC-5843,INV-GEN-F8821D,PAY-GEN-AE7227,40.93,2026-09-02,FAILED,PF-GEN-2D8DE4,ISSUER_TIMEOUT,Issuer gateway timed out mid-authorization,2026-09-02,1003,TIMEOUT
CUST-3028,ACC-3028,INV-GEN-CEB16A,PAY-GEN-813F9C,213.26,2026-09-05,FAILED,PF-GEN-1E2B31,INSUFFICIENT_FUNDS_REPORTED,"Issuer reported insufficient funds, disputed by customer",2026-09-05,9156,INSUFFICIENT_FUNDS
CUST-3739,ACC-3739,INV-GEN-41D2E9,PAY-GEN-EA7D5D,203.85,2026-09-04,FAILED,PF-GEN-13135C,EXPIRED_CARD,Card on file expired before the auto-charge ran,2026-09-04,9492,EXPIRED_CARD
CUST-2922,ACC-2922,INV-GEN-4C2F22,PAY-GEN-1CAB5D,189.42,2026-09-09,FAILED,PF-GEN-05D565,ISSUER_TIMEOUT,Issuer gateway timed out mid-authorization,2026-09-09,3486,TIMEOUT
CUST-2855,ACC-2855,INV-GEN-7E90CD,PAY-GEN-AF6593,102.41,2026-08-30,FAILED,PF-GEN-F4C904,EXPIRED_CARD,Card on file expired before the auto-charge ran,2026-08-30,2841,EXPIRED_CARD
CUST-3844,ACC-3844,INV-GEN-C03AB1,PAY-GEN-2F7631,42.83,2026-08-30,FAILED,PF-GEN-266CC7,ISSUER_TIMEOUT,Issuer gateway timed out mid-authorization,2026-08-30,4208,TIMEOUT
CUST-8883,ACC-8883,INV-GEN-C7CDDE,PAY-GEN-FB8FDC,134.69,2026-09-01,FAILED,PF-GEN-82F89B,EXPIRED_CARD,Card on file expired before the auto-charge ran,2026-09-01,2138,EXPIRED_CARD
CUST-3864,ACC-3864,INV-GEN-714AF8,PAY-GEN-CDB365,88.05,2026-09-14,FAILED,PF-GEN-5768F0,EXPIRED_CARD,Card on file expired before the auto-charge ran,2026-09-14,5232,EXPIRED_CARD
CUST-3532,ACC-3532,INV-GEN-2BDC3E,PAY-GEN-632947,25.42,2026-09-04,FAILED,PF-GEN-D6431D,CARD_DECLINED,Issuer declined the charge despite sufficient reported funds,2026-09-04,3465,DO_NOT_HONOR
CUST-4255,ACC-4255,INV-GEN-1AF7C6,PAY-GEN-72C241,90.12,2026-09-05,FAILED,PF-GEN-0CCEC5,EXPIRED_CARD,Card on file expired before the auto-charge ran,2026-09-05,9802,EXPIRED_CARD
CUST-2558,ACC-2558,INV-GEN-E76380,PAY-GEN-5C3D3F,155.11,2026-08-28,FAILED,PF-GEN-9B1BEF,CARD_DECLINED,Issuer declined the charge despite sufficient reported funds,2026-08-28,2998,DO_NOT_HONOR
CUST-2603,ACC-2603,INV-GEN-CD8E22,PAY-GEN-B74BE5,162.47,2026-09-02,FAILED,PF-GEN-516885,EXPIRED_CARD,Card on file expired before the auto-charge ran,2026-09-02,8844,EXPIRED_CARD
CUST-2177,ACC-2177,INV-GEN-F794DE,PAY-GEN-D67DAC,179.28,2026-09-09,FAILED,PF-GEN-54DF73,ISSUER_TIMEOUT,Issuer gateway timed out mid-authorization,2026-09-09,8219,TIMEOUT
CUST-3268,ACC-3268,INV-GEN-B05A62,PAY-GEN-D961D2,175.96,2026-08-29,FAILED,PF-GEN-5CE78F,CARD_DECLINED,Issuer declined the charge despite sufficient reported funds,2026-08-29,8069,DO_NOT_HONOR
CUST-5145,ACC-5145,INV-GEN-BD2B5F,PAY-GEN-42945F,132.0,2026-08-28,FAILED,PF-GEN-87C7ED,ISSUER_TIMEOUT,Issuer gateway timed out mid-authorization,2026-08-28,3593,TIMEOUT
CUST-5268,ACC-5268,INV-GEN-EF854E,PAY-GEN-34FDCB,181.84,2026-09-15,FAILED,PF-GEN-4C1F00,ISSUER_TIMEOUT,Issuer gateway timed out mid-authorization,2026-09-15,1602,TIMEOUT
CUST-4508,ACC-4508,INV-GEN-717D34,PAY-GEN-6BAE65,151.41,2026-09-07,FAILED,PF-GEN-1C96D9,INSUFFICIENT_FUNDS_REPORTED,"Issuer reported insufficient funds, disputed by customer",2026-09-07,6442,INSUFFICIENT_FUNDS
CUST-6764,ACC-6764,INV-GEN-951218,PAY-GEN-BEB4E7,104.0,2026-08-30,FAILED,PF-GEN-C3D8EA,INSUFFICIENT_FUNDS_REPORTED,"Issuer reported insufficient funds, disputed by customer",2026-08-30,9157,INSUFFICIENT_FUNDS
CUST-7594,ACC-7594,INV-GEN-19FF71,PAY-GEN-D731A9,216.16,2026-09-12,FAILED,PF-GEN-394C81,CARD_DECLINED,Issuer declined the charge despite sufficient reported funds,2026-09-12,8968,DO_NOT_HONOR
CUST-4340,ACC-4340,INV-GEN-045EEA,PAY-GEN-6BB889,93.62,2026-09-14,FAILED,PF-GEN-088555,ISSUER_TIMEOUT,Issuer gateway timed out mid-authorization,2026-09-14,2856,TIMEOUT
CUST-8978,ACC-8978,INV-GEN-9FD2E9,PAY-GEN-AF510B,113.61,2026-08-31,FAILED,PF-GEN-148144,INSUFFICIENT_FUNDS_REPORTED,"Issuer reported insufficient funds, disputed by customer",2026-08-31,9760,INSUFFICIENT_FUNDS
CUST-5127,ACC-5127,INV-GEN-1BA5D8,PAY-GEN-13D9A7,128.36,2026-09-15,FAILED,PF-GEN-F10C19,EXPIRED_CARD,Card on file expired before the auto-charge ran,2026-09-15,2227,EXPIRED_CARD
CUST-2562,ACC-2562,INV-GEN-CC3AE8,PAY-GEN-0CA367,126.44,2026-08-30,FAILED,PF-GEN-09EF80,INSUFFICIENT_FUNDS_REPORTED,"Issuer reported insufficient funds, disputed by customer",2026-08-30,8788,INSUFFICIENT_FUNDS
CUST-3071,ACC-3071,INV-GEN-DE3AEC,PAY-GEN-A7F955,79.4,2026-09-09,FAILED,PF-GEN-F925FE,INSUFFICIENT_FUNDS_REPORTED,"Issuer reported insufficient funds, disputed by customer",2026-09-09,1987,INSUFFICIENT_FUNDS
CUST-6018,ACC-6018,INV-GEN-A8514B,PAY-GEN-3F2B11,196.77,2026-09-16,FAILED,PF-GEN-A8A439,CARD_DECLINED,Issuer declined the charge despite sufficient reported funds,2026-09-16,3950,DO_NOT_HONOR
CUST-4047,ACC-4047,INV-GEN-8167DF,PAY-GEN-E78B7D,209.68,2026-09-12,FAILED,PF-GEN-FF188A,ISSUER_TIMEOUT,Issuer gateway timed out mid-authorization,2026-09-12,7776,TIMEOUT
CUST-6298,ACC-6298,INV-GEN-5DE98A,PAY-GEN-EFB686,179.01,2026-09-14,FAILED,PF-GEN-1C016F,CARD_DECLINED,Issuer declined the charge despite sufficient reported funds,2026-09-14,4495,DO_NOT_HONOR
CUST-3941,ACC-3941,INV-GEN-77C999,PAY-GEN-EB1BB5,34.61,2026-09-16,FAILED,PF-GEN-4CA481,CARD_DECLINED,Issuer declined the charge despite sufficient reported funds,2026-09-16,2875,DO_NOT_HONOR
CUST-7400,ACC-7400,INV-GEN-196023,PAY-GEN-2960FA,213.07,2026-09-01,FAILED,PF-GEN-419EBA,CARD_DECLINED,Issuer declined the charge despite sufficient reported funds,2026-09-01,3991,DO_NOT_HONOR
CUST-5265,ACC-5265,INV-GEN-3ECC9B,PAY-GEN-597481,198.43,2026-09-16,FAILED,PF-GEN-F2E6CC,INSUFFICIENT_FUNDS_REPORTED,"Issuer reported insufficient funds, disputed by customer",2026-09-16,9816,INSUFFICIENT_FUNDS
CUST-7970,ACC-7970,INV-GEN-5042E6,PAY-GEN-4F5EDF,93.95,2026-08-29,FAILED,PF-GEN-A57750,INSUFFICIENT_FUNDS_REPORTED,"Issuer reported insufficient funds, disputed by customer",2026-08-29,7734,INSUFFICIENT_FUNDS
CUST-8557,ACC-8557,INV-GEN-5E3C3A,PAY-GEN-49D3BE,49.13,2026-08-31,FAILED,PF-GEN-398ECE,EXPIRED_CARD,Card on file expired before the auto-charge ran,2026-08-31,8925,EXPIRED_CARD
CUST-2688,ACC-2688,INV-GEN-766A0A,PAY-GEN-B66B80,206.89,2026-09-17,FAILED,PF-GEN-1CADCA,INSUFFICIENT_FUNDS_REPORTED,"Issuer reported insufficient funds, disputed by customer",2026-09-17,7891,INSUFFICIENT_FUNDS
CUST-9271,ACC-9271,INV-GEN-4046DC,PAY-GEN-B8C32C,212.53,2026-09-04,FAILED,PF-GEN-672398,EXPIRED_CARD,Card on file expired before the auto-charge ran,2026-09-04,3191,EXPIRED_CARD
CUST-4830,ACC-4830,INV-GEN-424739,PAY-GEN-9624D9,91.83,2026-09-08,FAILED,PF-GEN-EA384A,EXPIRED_CARD,Card on file expired before the auto-charge ran,2026-09-08,9677,EXPIRED_CARD
CUST-3452,ACC-3452,INV-GEN-9C33C9,PAY-GEN-2A0CC9,204.4,2026-08-29,FAILED,PF-GEN-1F40CD,ISSUER_TIMEOUT,Issuer gateway timed out mid-authorization,2026-08-29,7963,TIMEOUT
CUST-5600,ACC-5600,INV-GEN-2AB2F4,PAY-GEN-F1173D,140.98,2026-09-16,FAILED,PF-GEN-3F9EDD,INSUFFICIENT_FUNDS_REPORTED,"Issuer reported insufficient funds, disputed by customer",2026-09-16,9947,INSUFFICIENT_FUNDS
CUST-6368,ACC-6368,INV-GEN-0821EB,PAY-GEN-1F0558,52.75,2026-08-27,FAILED,PF-GEN-8CDAEE,ISSUER_TIMEOUT,Issuer gateway timed out mid-authorization,2026-08-27,7611,TIMEOUT
CUST-6205,ACC-6205,INV-GEN-46300C,PAY-GEN-6DF5FE,147.18,2026-09-09,FAILED,PF-GEN-4BD3DC,CARD_DECLINED,Issuer declined the charge despite sufficient reported funds,2026-09-09,7955,DO_NOT_HONOR
CUST-2847,ACC-2847,INV-GEN-677A29,PAY-GEN-9BD66F,57.42,2026-09-02,FAILED,PF-GEN-5849C7,INSUFFICIENT_FUNDS_REPORTED,"Issuer reported insufficient funds, disputed by customer",2026-09-02,3748,INSUFFICIENT_FUNDS
CUST-3354,ACC-3354,INV-GEN-7E847B,PAY-GEN-7356E6,90.36,2026-09-16,FAILED,PF-GEN-95871A,CARD_DECLINED,Issuer declined the charge despite sufficient reported funds,2026-09-16,9389,DO_NOT_HONOR
CUST-6949,ACC-6949,INV-GEN-B63D8E,PAY-GEN-1EAF44,56.1,2026-09-05,FAILED,PF-GEN-7A7F9B,CARD_DECLINED,Issuer declined the charge despite sufficient reported funds,2026-09-05,3483,DO_NOT_HONOR
CUST-6248,ACC-6248,INV-GEN-6FF820,PAY-GEN-E58971,57.27,2026-08-31,FAILED,PF-GEN-975CD7,EXPIRED_CARD,Card on file expired before the auto-charge ran,2026-08-31,1789,EXPIRED_CARD
CUST-8789,ACC-8789,INV-GEN-F9C139,PAY-GEN-1E67C1,25.68,2026-09-01,FAILED,PF-GEN-A5C4E1,EXPIRED_CARD,Card on file expired before the auto-charge ran,2026-09-01,7039,EXPIRED_CARD
CUST-6219,ACC-6219,INV-GEN-50EE6F,PAY-GEN-8C0D43,70.95,2026-08-28,FAILED,PF-GEN-A12620,INSUFFICIENT_FUNDS_REPORTED,"Issuer reported insufficient funds, disputed by customer",2026-08-28,8336,INSUFFICIENT_FUNDS
CUST-6160,ACC-6160,INV-GEN-EC9CA0,PAY-GEN-6E7DDF,111.16,2026-09-12,FAILED,PF-GEN-228812,ISSUER_TIMEOUT,Issuer gateway timed out mid-authorization,2026-09-12,7981,TIMEOUT
CUST-2652,ACC-2652,INV-GEN-A622C4,PAY-GEN-730579,210.01,2026-09-01,FAILED,PF-GEN-6D0933,ISSUER_TIMEOUT,Issuer gateway timed out mid-authorization,2026-09-01,1313,TIMEOUT
CUST-3843,ACC-3843,INV-GEN-CF628F,PAY-GEN-BC32AC,214.76,2026-09-09,FAILED,PF-GEN-6B2FF9,ISSUER_TIMEOUT,Issuer gateway timed out mid-authorization,2026-09-09,4784,TIMEOUT
CUST-9349,ACC-9349,INV-GEN-E9076C,PAY-GEN-E3FA45,209.63,2026-08-31,FAILED,PF-GEN-830460,CARD_DECLINED,Issuer declined the charge despite sufficient reported funds,2026-08-31,9635,DO_NOT_HONOR
CUST-8702,ACC-8702,INV-GEN-F44D05,PAY-GEN-CE7CA7,100.96,2026-09-11,FAILED,PF-GEN-206ACB,EXPIRED_CARD,Card on file expired before the auto-charge ran,2026-09-11,5040,EXPIRED_CARD
CUST-8550,ACC-8550,INV-GEN-2897E6,PAY-GEN-9C999D,201.71,2026-09-15,FAILED,PF-GEN-C35F57,EXPIRED_CARD,Card on file expired before the auto-charge ran,2026-09-15,8782,EXPIRED_CARD
CUST-8570,ACC-8570,INV-GEN-5F2462,PAY-GEN-04EBA5,176.41,2026-09-09,FAILED,PF-GEN-292A2D,EXPIRED_CARD,Card on file expired before the auto-charge ran,2026-09-09,7200,EXPIRED_CARD
CUST-7791,ACC-7791,INV-GEN-B43517,PAY-GEN-A665E3,67.64,2026-09-16,FAILED,PF-GEN-5E1273,ISSUER_TIMEOUT,Issuer gateway timed out mid-authorization,2026-09-16,6987,TIMEOUT
CUST-2781,ACC-2781,INV-GEN-52A60E,PAY-GEN-FDCFF0,55.29,2026-09-03,FAILED,PF-GEN-14A67D,EXPIRED_CARD,Card on file expired before the auto-charge ran,2026-09-03,8691,EXPIRED_CARD
CUST-8994,ACC-8994,INV-GEN-870899,PAY-GEN-0B5EA8,49.19,2026-09-04,FAILED,PF-GEN-89184E,INSUFFICIENT_FUNDS_REPORTED,"Issuer reported insufficient funds, disputed by customer",2026-09-04,5898,INSUFFICIENT_FUNDS
CUST-2695,ACC-2695,INV-GEN-A53EEB,PAY-GEN-DF9E44,24.51,2026-09-13,FAILED,PF-GEN-822D92,ISSUER_TIMEOUT,Issuer gateway timed out mid-authorization,2026-09-13,2009,TIMEOUT
CUST-3145,ACC-3145,INV-GEN-5026F7,PAY-GEN-00191E,65.92,2026-09-12,FAILED,PF-GEN-277AAB,EXPIRED_CARD,Card on file expired before the auto-charge ran,2026-09-12,5822,EXPIRED_CARD
CUST-5682,ACC-5682,INV-GEN-86699B,PAY-GEN-FAA137,111.18,2026-09-11,FAILED,PF-GEN-38A9A9,ISSUER_TIMEOUT,Issuer gateway timed out mid-authorization,2026-09-11,8436,TIMEOUT
CUST-4682,ACC-4682,INV-GEN-23E8B7,PAY-GEN-1D69B4,116.61,2026-09-14,FAILED,PF-GEN-2B56D6,ISSUER_TIMEOUT,Issuer gateway timed out mid-authorization,2026-09-14,1166,TIMEOUT
CUST-6715,ACC-6715,INV-GEN-DDD773,PAY-GEN-245C72,153.84,2026-09-11,FAILED,PF-GEN-510E63,ISSUER_TIMEOUT,Issuer gateway timed out mid-authorization,2026-09-11,9052,TIMEOUT
CUST-5150,ACC-5150,INV-GEN-E6FBBD,PAY-GEN-9F849D,68.11,2026-09-14,FAILED,PF-GEN-97DEAC,ISSUER_TIMEOUT,Issuer gateway timed out mid-authorization,2026-09-14,9917,TIMEOUT
CUST-8546,ACC-8546,INV-GEN-CB60EE,PAY-GEN-ADD138,160.12,2026-09-16,FAILED,PF-GEN-16962E,ISSUER_TIMEOUT,Issuer gateway timed out mid-authorization,2026-09-16,2521,TIMEOUT
CUST-4754,ACC-4754,INV-GEN-04DC84,PAY-GEN-12776E,204.65,2026-09-01,FAILED,PF-GEN-115265,INSUFFICIENT_FUNDS_REPORTED,"Issuer reported insufficient funds, disputed by customer",2026-09-01,4888,INSUFFICIENT_FUNDS
CUST-3959,ACC-3959,INV-GEN-DC476F,PAY-GEN-5B3A33,106.25,2026-09-12,FAILED,PF-GEN-4A95F2,EXPIRED_CARD,Card on file expired before the auto-charge ran,2026-09-12,7136,EXPIRED_CARD
CUST-2869,ACC-2869,INV-GEN-9FF358,PAY-GEN-266C0F,59.12,2026-09-11,FAILED,PF-GEN-2F1EA3,ISSUER_TIMEOUT,Issuer gateway timed out mid-authorization,2026-09-11,6706,TIMEOUT
CUST-6576,ACC-6576,INV-GEN-D43D75,PAY-GEN-EF83F4,211.78,2026-09-03,FAILED,PF-GEN-70A84D,EXPIRED_CARD,Card on file expired before the auto-charge ran,2026-09-03,8323,EXPIRED_CARD
CUST-3903,ACC-3903,INV-GEN-EAE320,PAY-GEN-FB8FED,73.04,2026-09-14,FAILED,PF-GEN-1DE00F,CARD_DECLINED,Issuer declined the charge despite sufficient reported funds,2026-09-14,9440,DO_NOT_HONOR
CUST-2135,ACC-2135,INV-GEN-9A1305,PAY-GEN-B50001,30.0,2026-09-11,FAILED,PF-GEN-56A66D,ISSUER_TIMEOUT,Issuer gateway timed out mid-authorization,2026-09-11,9165,TIMEOUT
CUST-4802,ACC-4802,INV-GEN-7D5B6C,PAY-GEN-89B4A7,150.62,2026-09-01,FAILED,PF-GEN-53578F,INSUFFICIENT_FUNDS_REPORTED,"Issuer reported insufficient funds, disputed by customer",2026-09-01,6179,INSUFFICIENT_FUNDS
CUST-9460,ACC-9460,INV-GEN-3AC938,PAY-GEN-2DB238,193.53,2026-09-14,FAILED,PF-GEN-01061B,INSUFFICIENT_FUNDS_REPORTED,"Issuer reported insufficient funds, disputed by customer",2026-09-14,2218,INSUFFICIENT_FUNDS
CUST-2047,ACC-2047,INV-GEN-900868,PAY-GEN-AFC5D9,21.65,2026-08-28,FAILED,PF-GEN-80CD8A,CARD_DECLINED,Issuer declined the charge despite sufficient reported funds,2026-08-28,5483,DO_NOT_HONOR
CUST-3416,ACC-3416,INV-GEN-980906,PAY-GEN-196179,181.58,2026-08-27,FAILED,PF-GEN-02791F,CARD_DECLINED,Issuer declined the charge despite sufficient reported funds,2026-08-27,6161,DO_NOT_HONOR
CUST-4468,ACC-4468,INV-GEN-7899CF,PAY-GEN-B00F75,167.02,2026-09-01,FAILED,PF-GEN-BEEB17,INSUFFICIENT_FUNDS_REPORTED,"Issuer reported insufficient funds, disputed by customer",2026-09-01,2738,INSUFFICIENT_FUNDS
CUST-4839,ACC-4839,INV-GEN-6B65A6,PAY-GEN-81EED3,78.36,2026-09-15,FAILED,PF-GEN-0FF4C9,CARD_DECLINED,Issuer declined the charge despite sufficient reported funds,2026-09-15,9587,DO_NOT_HONOR
CUST-5853,ACC-5853,INV-GEN-5CE44F,PAY-GEN-C89C76,156.99,2026-09-15,FAILED,PF-GEN-51FB41,EXPIRED_CARD,Card on file expired before the auto-charge ran,2026-09-15,6497,EXPIRED_CARD
CUST-3020,ACC-3020,INV-GEN-D0705D,PAY-GEN-177EAB,218.08,2026-09-14,FAILED,PF-GEN-BCCF5F,ISSUER_TIMEOUT,Issuer gateway timed out mid-authorization,2026-09-14,9087,TIMEOUT
CUST-9756,ACC-9756,INV-GEN-6C8E09,PAY-GEN-3A61D1,22.03,2026-09-17,FAILED,PF-GEN-A66B78,CARD_DECLINED,Issuer declined the charge despite sufficient reported funds,2026-09-17,3759,DO_NOT_HONOR
CUST-9993,ACC-9993,INV-GEN-C30B08,PAY-GEN-FC79DF,61.14,2026-09-16,FAILED,PF-GEN-02F78F,CARD_DECLINED,Issuer declined the charge despite sufficient reported funds,2026-09-16,3422,DO_NOT_HONOR
CUST-8033,ACC-8033,INV-GEN-BBAB15,PAY-GEN-0EAA0A,162.61,2026-09-15,FAILED,PF-GEN-2A9D19,CARD_DECLINED,Issuer declined the charge despite sufficient reported funds,2026-09-15,2944,DO_NOT_HONOR
CUST-3440,ACC-3440,INV-GEN-F70AF7,PAY-GEN-E0F511,96.71,2026-09-02,FAILED,PF-GEN-A4EE11,EXPIRED_CARD,Card on file expired before the auto-charge ran,2026-09-02,2284,EXPIRED_CARD
CUST-8624,ACC-8624,INV-GEN-7A5891,PAY-GEN-427C7D,219.83,2026-09-02,FAILED,PF-GEN-5FF372,CARD_DECLINED,Issuer declined the charge despite sufficient reported funds,2026-09-02,7236,DO_NOT_HONOR
CUST-4168,ACC-4168,INV-GEN-F79F77,PAY-GEN-625DF0,163.33,2026-08-31,FAILED,PF-GEN-84FCBC,EXPIRED_CARD,Card on file expired before the auto-charge ran,2026-08-31,6598,EXPIRED_CARD
CUST-2267,ACC-2267,INV-GEN-E41B6B,PAY-GEN-5239F9,145.95,2026-09-04,FAILED,PF-GEN-77FBA6,INSUFFICIENT_FUNDS_REPORTED,"Issuer reported insufficient funds, disputed by customer",2026-09-04,8992,INSUFFICIENT_FUNDS
CUST-2491,ACC-2491,INV-GEN-90301A,PAY-GEN-483692,115.28,2026-09-14,FAILED,PF-GEN-7AF603,CARD_DECLINED,Issuer declined the charge despite sufficient reported funds,2026-09-14,8769,DO_NOT_HONOR
CUST-4229,ACC-4229,INV-GEN-89445B,PAY-GEN-1453BA,114.3,2026-09-15,FAILED,PF-GEN-29E990,CARD_DECLINED,Issuer declined the charge despite sufficient reported funds,2026-09-15,8644,DO_NOT_HONOR
CUST-5344,ACC-5344,INV-GEN-832FA4,PAY-GEN-039BBF,98.59,2026-08-29,FAILED,PF-GEN-24F1D8,EXPIRED_CARD,Card on file expired before the auto-charge ran,2026-08-29,5366,EXPIRED_CARD
CUST-6261,ACC-6261,INV-GEN-7E7521,PAY-GEN-E36B36,50.76,2026-09-09,FAILED,PF-GEN-EA842C,ISSUER_TIMEOUT,Issuer gateway timed out mid-authorization,2026-09-09,8931,TIMEOUT
CUST-5561,ACC-5561,INV-GEN-5AF092,PAY-GEN-5B0481,196.52,2026-09-09,FAILED,PF-GEN-4D44FA,INSUFFICIENT_FUNDS_REPORTED,"Issuer reported insufficient funds, disputed by customer",2026-09-09,2932,INSUFFICIENT_FUNDS
CUST-2150,ACC-2150,INV-GEN-F18425,PAY-GEN-62043D,68.65,2026-09-11,FAILED,PF-GEN-7AC7FD,INSUFFICIENT_FUNDS_REPORTED,"Issuer reported insufficient funds, disputed by customer",2026-09-11,9449,INSUFFICIENT_FUNDS
CUST-9529,ACC-9529,INV-GEN-8C24E4,PAY-GEN-0D0297,57.38,2026-09-11,FAILED,PF-GEN-C096FC,INSUFFICIENT_FUNDS_REPORTED,"Issuer reported insufficient funds, disputed by customer",2026-09-11,5815,INSUFFICIENT_FUNDS
CUST-7791,ACC-7791,INV-GEN-0C6972,PAY-GEN-BC5428,195.01,2026-09-13,FAILED,PF-GEN-473675,ISSUER_TIMEOUT,Issuer gateway timed out mid-authorization,2026-09-13,7024,TIMEOUT
CUST-3193,ACC-3193,INV-GEN-D42E02,PAY-GEN-483ECE,100.2,2026-09-13,FAILED,PF-GEN-4CD3EA,INSUFFICIENT_FUNDS_REPORTED,"Issuer reported insufficient funds, disputed by customer",2026-09-13,6480,INSUFFICIENT_FUNDS
CUST-2321,ACC-2321,INV-GEN-C432CF,PAY-GEN-F3A1DD,125.13,2026-09-01,FAILED,PF-GEN-2B2215,EXPIRED_CARD,Card on file expired before the auto-charge ran,2026-09-01,3264,EXPIRED_CARD
CUST-3196,ACC-3196,INV-GEN-71F1EE,PAY-GEN-814E36,118.97,2026-09-06,FAILED,PF-GEN-CC3FD2,ISSUER_TIMEOUT,Issuer gateway timed out mid-authorization,2026-09-06,6499,TIMEOUT
CUST-2977,ACC-2977,INV-GEN-5C7431,PAY-GEN-4FE7D4,137.95,2026-08-28,FAILED,PF-GEN-132113,ISSUER_TIMEOUT,Issuer gateway timed out mid-authorization,2026-08-28,2102,TIMEOUT
CUST-8980,ACC-8980,INV-GEN-456E02,PAY-GEN-4643B5,202.27,2026-09-09,FAILED,PF-GEN-3338AB,EXPIRED_CARD,Card on file expired before the auto-charge ran,2026-09-09,7904,EXPIRED_CARD
CUST-3029,ACC-3029,INV-GEN-10C02F,PAY-GEN-C04D86,187.04,2026-08-27,FAILED,PF-GEN-F4A87F,CARD_DECLINED,Issuer declined the charge despite sufficient reported funds,2026-08-27,8789,DO_NOT_HONOR
CUST-8780,ACC-8780,INV-GEN-E41D01,PAY-GEN-7AEF65,33.13,2026-09-13,FAILED,PF-GEN-CF0755,EXPIRED_CARD,Card on file expired before the auto-charge ran,2026-09-13,1622,EXPIRED_CARD
CUST-5959,ACC-5959,INV-GEN-D01144,PAY-GEN-82097D,28.09,2026-09-04,FAILED,PF-GEN-783EF0,INSUFFICIENT_FUNDS_REPORTED,"Issuer reported insufficient funds, disputed by customer",2026-09-04,7914,INSUFFICIENT_FUNDS
CUST-2607,ACC-2607,INV-GEN-FDC41B,PAY-GEN-534C68,206.12,2026-08-27,FAILED,PF-GEN-E3FDF7,INSUFFICIENT_FUNDS_REPORTED,"Issuer reported insufficient funds, disputed by customer",2026-08-27,6742,INSUFFICIENT_FUNDS
CUST-4586,ACC-4586,INV-GEN-E84831,PAY-GEN-4808C2,212.05,2026-09-10,FAILED,PF-GEN-5062EB,CARD_DECLINED,Issuer declined the charge despite sufficient reported funds,2026-09-10,5602,DO_NOT_HONOR
CUST-8156,ACC-8156,INV-GEN-6C2665,PAY-GEN-EAA1DB,139.34,2026-09-03,FAILED,PF-GEN-431777,INSUFFICIENT_FUNDS_REPORTED,"Issuer reported insufficient funds, disputed by customer",2026-09-03,1992,INSUFFICIENT_FUNDS
CUST-2976,ACC-2976,INV-GEN-1DC6E0,PAY-GEN-281737,64.49,2026-09-01,FAILED,PF-GEN-3B9865,ISSUER_TIMEOUT,Issuer gateway timed out mid-authorization,2026-09-01,4089,TIMEOUT
CUST-8465,ACC-8465,INV-GEN-BB8E77,PAY-GEN-6BCA8F,163.49,2026-09-12,FAILED,PF-GEN-056924,ISSUER_TIMEOUT,Issuer gateway timed out mid-authorization,2026-09-12,8432,TIMEOUT
CUST-2698,ACC-2698,INV-GEN-5B2C63,PAY-GEN-CF5AE7,180.19,2026-09-13,FAILED,PF-GEN-936B1A,INSUFFICIENT_FUNDS_REPORTED,"Issuer reported insufficient funds, disputed by customer",2026-09-13,8583,INSUFFICIENT_FUNDS
CUST-9919,ACC-9919,INV-GEN-C9F3FE,PAY-GEN-6DDB1D,54.17,2026-09-10,FAILED,PF-GEN-AD79A8,INSUFFICIENT_FUNDS_REPORTED,"Issuer reported insufficient funds, disputed by customer",2026-09-10,7045,INSUFFICIENT_FUNDS
CUST-4715,ACC-4715,INV-GEN-A0D721,PAY-GEN-EC8B1A,26.98,2026-08-31,FAILED,PF-GEN-D6675F,ISSUER_TIMEOUT,Issuer gateway timed out mid-authorization,2026-08-31,1187,TIMEOUT
CUST-6770,ACC-6770,INV-GEN-9202B1,PAY-GEN-91F397,184.12,2026-09-08,FAILED,PF-GEN-373E9A,CARD_DECLINED,Issuer declined the charge despite sufficient reported funds,2026-09-08,3124,DO_NOT_HONOR
CUST-2285,ACC-2285,INV-GEN-497DAA,PAY-GEN-2504F9,54.11,2026-09-02,FAILED,PF-GEN-13B747,EXPIRED_CARD,Card on file expired before the auto-charge ran,2026-09-02,4461,EXPIRED_CARD
CUST-9133,ACC-9133,INV-GEN-2A9263,PAY-GEN-375FF8,196.82,2026-09-15,FAILED,PF-GEN-DDF7FE,INSUFFICIENT_FUNDS_REPORTED,"Issuer reported insufficient funds, disputed by customer",2026-09-15,6265,INSUFFICIENT_FUNDS
CUST-8426,ACC-8426,INV-GEN-69628C,PAY-GEN-EB740D,85.46,2026-08-28,FAILED,PF-GEN-088CC8,EXPIRED_CARD,Card on file expired before the auto-charge ran,2026-08-28,8868,EXPIRED_CARD
CUST-2157,ACC-2157,INV-GEN-383424,PAY-GEN-D70A19,143.4,2026-09-01,FAILED,PF-GEN-7A7B4C,INSUFFICIENT_FUNDS_REPORTED,"Issuer reported insufficient funds, disputed by customer",2026-09-01,3770,INSUFFICIENT_FUNDS
CUST-4772,ACC-4772,INV-GEN-0723D6,PAY-GEN-A15542,96.13,2026-09-10,FAILED,PF-GEN-F87AC4,INSUFFICIENT_FUNDS_REPORTED,"Issuer reported insufficient funds, disputed by customer",2026-09-10,2717,INSUFFICIENT_FUNDS
CUST-5016,ACC-5016,INV-GEN-75E61A,PAY-GEN-2A543B,115.54,2026-09-13,FAILED,PF-GEN-A09C93,ISSUER_TIMEOUT,Issuer gateway timed out mid-authorization,2026-09-13,6331,TIMEOUT
CUST-2545,ACC-2545,INV-GEN-717D1B,PAY-GEN-196394,212.25,2026-09-14,FAILED,PF-GEN-02E836,ISSUER_TIMEOUT,Issuer gateway timed out mid-authorization,2026-09-14,9666,TIMEOUT
CUST-3853,ACC-3853,INV-GEN-BBECD3,PAY-GEN-35DEE1,148.54,2026-09-15,FAILED,PF-GEN-DA8F0C,EXPIRED_CARD,Card on file expired before the auto-charge ran,2026-09-15,7565,EXPIRED_CARD
CUST-3806,ACC-3806,INV-GEN-D4D8B4,PAY-GEN-2FFEEF,123.9,2026-09-03,FAILED,PF-GEN-FBD587,ISSUER_TIMEOUT,Issuer gateway timed out mid-authorization,2026-09-03,9698,TIMEOUT
CUST-2331,ACC-2331,INV-GEN-7B1507,PAY-GEN-25B08D,63.45,2026-09-07,FAILED,PF-GEN-5430B9,CARD_DECLINED,Issuer declined the charge despite sufficient reported funds,2026-09-07,8869,DO_NOT_HONOR
CUST-3064,ACC-3064,INV-GEN-0B9A49,PAY-GEN-7A2503,199.43,2026-08-28,FAILED,PF-GEN-24A0E1,ISSUER_TIMEOUT,Issuer gateway timed out mid-authorization,2026-08-28,1958,TIMEOUT
CUST-8080,ACC-8080,INV-GEN-8D0D79,PAY-GEN-522BD7,179.65,2026-09-04,FAILED,PF-GEN-ED8603,EXPIRED_CARD,Card on file expired before the auto-charge ran,2026-09-04,9792,EXPIRED_CARD
CUST-2683,ACC-2683,INV-GEN-ECDE37,PAY-GEN-8B53F4,73.41,2026-08-27,FAILED,PF-GEN-6E25F8,CARD_DECLINED,Issuer declined the charge despite sufficient reported funds,2026-08-27,5805,DO_NOT_HONOR
CUST-2915,ACC-2915,INV-GEN-662057,PAY-GEN-57FA8D,207.68,2026-09-08,FAILED,PF-GEN-673737,EXPIRED_CARD,Card on file expired before the auto-charge ran,2026-09-08,7698,EXPIRED_CARD
CUST-8399,ACC-8399,INV-GEN-3F73AF,PAY-GEN-CCB560,84.37,2026-09-15,FAILED,PF-GEN-3A02D5,INSUFFICIENT_FUNDS_REPORTED,"Issuer reported insufficient funds, disputed by customer",2026-09-15,5234,INSUFFICIENT_FUNDS
CUST-6483,ACC-6483,INV-GEN-361828,PAY-GEN-B36D2B,81.01,2026-09-09,FAILED,PF-GEN-365175,CARD_DECLINED,Issuer declined the charge despite sufficient reported funds,2026-09-09,9178,DO_NOT_HONOR
CUST-6784,ACC-6784,INV-GEN-FE25B4,PAY-GEN-457ECB,130.28,2026-09-15,FAILED,PF-GEN-BDFBF3,INSUFFICIENT_FUNDS_REPORTED,"Issuer reported insufficient funds, disputed by customer",2026-09-15,7243,INSUFFICIENT_FUNDS
CUST-3806,ACC-3806,INV-GEN-4AE9ED,PAY-GEN-521F57,78.84,2026-09-02,FAILED,PF-GEN-456B47,CARD_DECLINED,Issuer declined the charge despite sufficient reported funds,2026-09-02,6428,DO_NOT_HONOR
CUST-2077,ACC-2077,INV-GEN-CED929,PAY-GEN-71F48C,79.55,2026-08-30,FAILED,PF-GEN-C73B4A,ISSUER_TIMEOUT,Issuer gateway timed out mid-authorization,2026-08-30,1673,TIMEOUT
CUST-9550,ACC-9550,INV-GEN-54E09F,PAY-GEN-880017,36.6,2026-09-15,FAILED,PF-GEN-86DD90,EXPIRED_CARD,Card on file expired before the auto-charge ran,2026-09-15,4865,EXPIRED_CARD
CUST-5378,ACC-5378,INV-GEN-F6081F,PAY-GEN-3698DB,159.51,2026-09-04,FAILED,PF-GEN-20C3F1,EXPIRED_CARD,Card on file expired before the auto-charge ran,2026-09-04,9828,EXPIRED_CARD
CUST-4527,ACC-4527,INV-GEN-14E585,PAY-GEN-E8A9DA,182.27,2026-09-13,FAILED,PF-GEN-101881,EXPIRED_CARD,Card on file expired before the auto-charge ran,2026-09-13,5436,EXPIRED_CARD
CUST-4513,ACC-4513,INV-GEN-0FB140,PAY-GEN-B08413,104.94,2026-09-04,FAILED,PF-GEN-0E6F49,CARD_DECLINED,Issuer declined the charge despite sufficient reported funds,2026-09-04,6226,DO_NOT_HONOR
CUST-9776,ACC-9776,INV-GEN-8CE482,PAY-GEN-5EE6FD,115.05,2026-08-27,FAILED,PF-GEN-94C6E2,INSUFFICIENT_FUNDS_REPORTED,"Issuer reported insufficient funds, disputed by customer",2026-08-27,4009,INSUFFICIENT_FUNDS
CUST-7897,ACC-7897,INV-GEN-E3D3F5,PAY-GEN-E85661,106.04,2026-09-07,FAILED,PF-GEN-B96D4F,EXPIRED_CARD,Card on file expired before the auto-charge ran,2026-09-07,1240,EXPIRED_CARD
CUST-4035,ACC-4035,INV-GEN-A12844,PAY-GEN-144146,211.71,2026-09-14,FAILED,PF-GEN-5C2D69,ISSUER_TIMEOUT,Issuer gateway timed out mid-authorization,2026-09-14,8741,TIMEOUT
CUST-2464,ACC-2464,INV-GEN-9595AC,PAY-GEN-CEFFF1,129.23,2026-09-12,FAILED,PF-GEN-7370E6,INSUFFICIENT_FUNDS_REPORTED,"Issuer reported insufficient funds, disputed by customer",2026-09-12,5154,INSUFFICIENT_FUNDS
CUST-7185,ACC-7185,INV-GEN-6B517F,PAY-GEN-095422,27.36,2026-09-16,FAILED,PF-GEN-DC2A85,EXPIRED_CARD,Card on file expired before the auto-charge ran,2026-09-16,4796,EXPIRED_CARD
CUST-2190,ACC-2190,INV-GEN-15D339,PAY-GEN-17D263,159.38,2026-08-30,FAILED,PF-GEN-4433BA,CARD_DECLINED,Issuer declined the charge despite sufficient reported funds,2026-08-30,6532,DO_NOT_HONOR
CUST-3655,ACC-3655,INV-GEN-88C642,PAY-GEN-1F75F8,79.32,2026-09-08,FAILED,PF-GEN-707A4E,EXPIRED_CARD,Card on file expired before the auto-charge ran,2026-09-08,1738,EXPIRED_CARD
CUST-3260,ACC-3260,INV-GEN-AD5279,PAY-GEN-CCC204,150.39,2026-08-30,FAILED,PF-GEN-8005A1,ISSUER_TIMEOUT,Issuer gateway timed out mid-authorization,2026-08-30,5010,TIMEOUT
CUST-4802,ACC-4802,INV-GEN-703BCD,PAY-GEN-F7FE75,34.02,2026-08-27,FAILED,PF-GEN-1B8DAF,CARD_DECLINED,Issuer declined the charge despite sufficient reported funds,2026-08-27,8015,DO_NOT_HONOR
CUST-8736,ACC-8736,INV-GEN-4A2C14,PAY-GEN-0BC452,210.48,2026-09-12,FAILED,PF-GEN-E31F67,EXPIRED_CARD,Card on file expired before the auto-charge ran,2026-09-12,5900,EXPIRED_CARD
CUST-2217,ACC-2217,INV-GEN-83A54E,PAY-GEN-F580E2,101.33,2026-09-05,FAILED,PF-GEN-6F0645,INSUFFICIENT_FUNDS_REPORTED,"Issuer reported insufficient funds, disputed by customer",2026-09-05,4373,INSUFFICIENT_FUNDS
CUST-2585,ACC-2585,INV-GEN-3AD8A7,PAY-GEN-F65F88,176.96,2026-09-13,FAILED,PF-GEN-6A53B7,ISSUER_TIMEOUT,Issuer gateway timed out mid-authorization,2026-09-13,9739,TIMEOUT
CUST-8984,ACC-8984,INV-GEN-178326,PAY-GEN-6699FC,25.89,2026-09-16,FAILED,PF-GEN-9DAAFB,CARD_DECLINED,Issuer declined the charge despite sufficient reported funds,2026-09-16,1699,DO_NOT_HONOR
CUST-8716,ACC-8716,INV-GEN-9D7B03,PAY-GEN-1B4491,136.31,2026-09-10,FAILED,PF-GEN-E24D7F,EXPIRED_CARD,Card on file expired before the auto-charge ran,2026-09-10,2603,EXPIRED_CARD
CUST-3553,ACC-3553,INV-GEN-ACCB9E,PAY-GEN-53FF7A,44.61,2026-08-29,FAILED,PF-GEN-770C2E,ISSUER_TIMEOUT,Issuer gateway timed out mid-authorization,2026-08-29,4402,TIMEOUT
CUST-5309,ACC-5309,INV-GEN-AA0879,PAY-GEN-094648,94.5,2026-09-04,FAILED,PF-GEN-B56D92,EXPIRED_CARD,Card on file expired before the auto-charge ran,2026-09-04,2068,EXPIRED_CARD
CUST-9028,ACC-9028,INV-GEN-16B0BE,PAY-GEN-4E25C0,160.91,2026-09-04,FAILED,PF-GEN-B02C3F,ISSUER_TIMEOUT,Issuer gateway timed out mid-authorization,2026-09-04,9497,TIMEOUT
CUST-6756,ACC-6756,INV-GEN-72EA6A,PAY-GEN-567685,128.09,2026-09-14,FAILED,PF-GEN-D308C6,CARD_DECLINED,Issuer declined the charge despite sufficient reported funds,2026-09-14,9336,DO_NOT_HONOR
CUST-5264,ACC-5264,INV-GEN-22B49A,PAY-GEN-97832D,117.44,2026-09-16,FAILED,PF-GEN-5B271A,ISSUER_TIMEOUT,Issuer gateway timed out mid-authorization,2026-09-16,8488,TIMEOUT
CUST-3544,ACC-3544,INV-GEN-DA490A,PAY-GEN-2D0744,100.36,2026-09-05,FAILED,PF-GEN-66D01E,EXPIRED_CARD,Card on file expired before the auto-charge ran,2026-09-05,3078,EXPIRED_CARD
CUST-2896,ACC-2896,INV-GEN-9C4E56,PAY-GEN-943551,175.76,2026-08-28,FAILED,PF-GEN-945D35,INSUFFICIENT_FUNDS_REPORTED,"Issuer reported insufficient funds, disputed by customer",2026-08-28,3924,INSUFFICIENT_FUNDS
CUST-5823,ACC-5823,INV-GEN-E0050A,PAY-GEN-3E9DA7,83.0,2026-09-03,FAILED,PF-GEN-143377,ISSUER_TIMEOUT,Issuer gateway timed out mid-authorization,2026-09-03,5984,TIMEOUT
CUST-9243,ACC-9243,INV-GEN-0D6CAD,PAY-GEN-DD4FE8,47.11,2026-09-10,FAILED,PF-GEN-08E71F,EXPIRED_CARD,Card on file expired before the auto-charge ran,2026-09-10,2834,EXPIRED_CARD
CUST-4629,ACC-4629,INV-GEN-5F0977,PAY-GEN-4DEC58,141.71,2026-09-16,FAILED,PF-GEN-8BE6E9,ISSUER_TIMEOUT,Issuer gateway timed out mid-authorization,2026-09-16,4973,TIMEOUT
CUST-8258,ACC-8258,INV-GEN-1BA8BB,PAY-GEN-985410,25.17,2026-08-27,FAILED,PF-GEN-E1B2FD,CARD_DECLINED,Issuer declined the charge despite sufficient reported funds,2026-08-27,3153,DO_NOT_HONOR
CUST-4914,ACC-4914,INV-GEN-162537,PAY-GEN-73CFAC,87.6,2026-09-12,FAILED,PF-GEN-E19A50,ISSUER_TIMEOUT,Issuer gateway timed out mid-authorization,2026-09-12,7906,TIMEOUT
CUST-7168,ACC-7168,INV-GEN-B78250,PAY-GEN-2F0B6D,135.52,2026-09-06,FAILED,PF-GEN-ACAD53,CARD_DECLINED,Issuer declined the charge despite sufficient reported funds,2026-09-06,9755,DO_NOT_HONOR
CUST-8816,ACC-8816,INV-GEN-8321CE,PAY-GEN-7B65C9,64.74,2026-09-11,FAILED,PF-GEN-F2E971,CARD_DECLINED,Issuer declined the charge despite sufficient reported funds,2026-09-11,5493,DO_NOT_HONOR
CUST-5395,ACC-5395,INV-GEN-B178AC,PAY-GEN-567224,184.9,2026-08-31,FAILED,PF-GEN-348255,CARD_DECLINED,Issuer declined the charge despite sufficient reported funds,2026-08-31,7214,DO_NOT_HONOR
CUST-6509,ACC-6509,INV-GEN-7924EB,PAY-GEN-7A2F13,130.27,2026-08-31,FAILED,PF-GEN-505DE1,ISSUER_TIMEOUT,Issuer gateway timed out mid-authorization,2026-08-31,5007,TIMEOUT
CUST-5470,ACC-5470,INV-GEN-238792,PAY-GEN-7DA9A0,189.17,2026-09-14,FAILED,PF-GEN-9DFD56,EXPIRED_CARD,Card on file expired before the auto-charge ran,2026-09-14,7918,EXPIRED_CARD
CUST-5380,ACC-5380,INV-GEN-7FD47B,PAY-GEN-8D5A75,210.48,2026-09-16,FAILED,PF-GEN-B8A3BB,CARD_DECLINED,Issuer declined the charge despite sufficient reported funds,2026-09-16,5183,DO_NOT_HONOR
CUST-9579,ACC-9579,INV-GEN-01AD6C,PAY-GEN-125510,122.09,2026-09-06,FAILED,PF-GEN-C3F5CE,CARD_DECLINED,Issuer declined the charge despite sufficient reported funds,2026-09-06,8247,DO_NOT_HONOR
CUST-2585,ACC-2585,INV-GEN-AB4430,PAY-GEN-050AF5,194.56,2026-09-02,FAILED,PF-GEN-0E0652,EXPIRED_CARD,Card on file expired before the auto-charge ran,2026-09-02,9233,EXPIRED_CARD
CUST-9395,ACC-9395,INV-GEN-D81BA3,PAY-GEN-623F1D,44.11,2026-09-06,FAILED,PF-GEN-3ECFA3,EXPIRED_CARD,Card on file expired before the auto-charge ran,2026-09-06,3656,EXPIRED_CARD
CUST-9811,ACC-9811,INV-GEN-F844ED,PAY-GEN-3E1D99,151.85,2026-09-01,FAILED,PF-GEN-E6D052,ISSUER_TIMEOUT,Issuer gateway timed out mid-authorization,2026-09-01,2598,TIMEOUT
CUST-3716,ACC-3716,INV-GEN-81D320,PAY-GEN-073341,158.91,2026-09-01,FAILED,PF-GEN-BC1DFA,EXPIRED_CARD,Card on file expired before the auto-charge ran,2026-09-01,6497,EXPIRED_CARD
CUST-9883,ACC-9883,INV-GEN-05AB31,PAY-GEN-56106E,92.91,2026-08-30,FAILED,PF-GEN-334875,ISSUER_TIMEOUT,Issuer gateway timed out mid-authorization,2026-08-30,5373,TIMEOUT
CUST-9455,ACC-9455,INV-GEN-3064FE,PAY-GEN-8A1E97,157.31,2026-09-01,FAILED,PF-GEN-FB8E37,ISSUER_TIMEOUT,Issuer gateway timed out mid-authorization,2026-09-01,5787,TIMEOUT
CUST-5091,ACC-5091,INV-GEN-7B0715,PAY-GEN-66FFEF,25.5,2026-09-16,FAILED,PF-GEN-430E63,ISSUER_TIMEOUT,Issuer gateway timed out mid-authorization,2026-09-16,9066,TIMEOUT
CUST-8044,ACC-8044,INV-GEN-2F7086,PAY-GEN-C942AB,140.85,2026-09-09,FAILED,PF-GEN-3D62FF,EXPIRED_CARD,Card on file expired before the auto-charge ran,2026-09-09,8510,EXPIRED_CARD
CUST-5569,ACC-5569,INV-GEN-A74E6A,PAY-GEN-6B67F5,132.12,2026-09-07,FAILED,PF-GEN-01496E,INSUFFICIENT_FUNDS_REPORTED,"Issuer reported insufficient funds, disputed by customer",2026-09-07,5781,INSUFFICIENT_FUNDS
CUST-2071,ACC-2071,INV-GEN-D25C76,PAY-GEN-C050DE,127.46,2026-09-15,FAILED,PF-GEN-427385,EXPIRED_CARD,Card on file expired before the auto-charge ran,2026-09-15,5690,EXPIRED_CARD
CUST-7612,ACC-7612,INV-GEN-4609D9,PAY-GEN-7920B4,94.65,2026-09-02,FAILED,PF-GEN-F6113C,EXPIRED_CARD,Card on file expired before the auto-charge ran,2026-09-02,4534,EXPIRED_CARD
CUST-2176,ACC-2176,INV-GEN-4AFF75,PAY-GEN-A6DF9B,217.39,2026-08-27,FAILED,PF-GEN-97016A,CARD_DECLINED,Issuer declined the charge despite sufficient reported funds,2026-08-27,9420,DO_NOT_HONOR
CUST-8204,ACC-8204,INV-GEN-F3E71E,PAY-GEN-18AC3E,156.08,2026-09-06,FAILED,PF-GEN-7521B0,INSUFFICIENT_FUNDS_REPORTED,"Issuer reported insufficient funds, disputed by customer",2026-09-06,5754,INSUFFICIENT_FUNDS
CUST-9402,ACC-9402,INV-GEN-D2BFB3,PAY-GEN-3F464A,189.3,2026-09-16,FAILED,PF-GEN-DE3732,ISSUER_TIMEOUT,Issuer gateway timed out mid-authorization,2026-09-16,9109,TIMEOUT
CUST-7449,ACC-7449,INV-GEN-D9E572,PAY-GEN-62D4D0,20.44,2026-09-03,FAILED,PF-GEN-8D6AF0,CARD_DECLINED,Issuer declined the charge despite sufficient reported funds,2026-09-03,2112,DO_NOT_HONOR
CUST-9204,ACC-9204,INV-GEN-9F2E7E,PAY-GEN-37F2A8,78.74,2026-09-11,FAILED,PF-GEN-F4DB8F,ISSUER_TIMEOUT,Issuer gateway timed out mid-authorization,2026-09-11,7643,TIMEOUT
CUST-2480,ACC-2480,INV-GEN-ED2306,PAY-GEN-533647,176.45,2026-08-28,FAILED,PF-GEN-6E2E67,INSUFFICIENT_FUNDS_REPORTED,"Issuer reported insufficient funds, disputed by customer",2026-08-28,3855,INSUFFICIENT_FUNDS
CUST-2909,ACC-2909,INV-GEN-20614A,PAY-GEN-E11C9C,177.13,2026-09-16,FAILED,PF-GEN-BD4A46,INSUFFICIENT_FUNDS_REPORTED,"Issuer reported insufficient funds, disputed by customer",2026-09-16,5982,INSUFFICIENT_FUNDS
CUST-4749,ACC-4749,INV-GEN-E7B4F9,PAY-GEN-CCBAE9,164.24,2026-09-15,FAILED,PF-GEN-A23930,EXPIRED_CARD,Card on file expired before the auto-charge ran,2026-09-15,2037,EXPIRED_CARD
CUST-9142,ACC-9142,INV-GEN-4C478F,PAY-GEN-1A27A3,215.99,2026-09-01,FAILED,PF-GEN-2B4C9F,INSUFFICIENT_FUNDS_REPORTED,"Issuer reported insufficient funds, disputed by customer",2026-09-01,5417,INSUFFICIENT_FUNDS
CUST-6164,ACC-6164,INV-GEN-FBF4BA,PAY-GEN-0CD8E5,83.45,2026-08-31,FAILED,PF-GEN-DEC04B,CARD_DECLINED,Issuer declined the charge despite sufficient reported funds,2026-08-31,6405,DO_NOT_HONOR
CUST-2709,ACC-2709,INV-GEN-8C11AA,PAY-GEN-4A520B,35.34,2026-08-29,FAILED,PF-GEN-BFE476,INSUFFICIENT_FUNDS_REPORTED,"Issuer reported insufficient funds, disputed by customer",2026-08-29,5645,INSUFFICIENT_FUNDS
CUST-5485,ACC-5485,INV-GEN-D34BD8,PAY-GEN-327365,78.44,2026-08-28,FAILED,PF-GEN-2EA3F0,EXPIRED_CARD,Card on file expired before the auto-charge ran,2026-08-28,7414,EXPIRED_CARD
CUST-3403,ACC-3403,INV-GEN-58F9CE,PAY-GEN-AC97ED,103.66,2026-08-29,FAILED,PF-GEN-5F702F,INSUFFICIENT_FUNDS_REPORTED,"Issuer reported insufficient funds, disputed by customer",2026-08-29,3798,INSUFFICIENT_FUNDS
CUST-3519,ACC-3519,INV-GEN-F76078,PAY-GEN-F3CAAC,79.86,2026-09-15,FAILED,PF-GEN-57EE67,EXPIRED_CARD,Card on file expired before the auto-charge ran,2026-09-15,8451,EXPIRED_CARD
CUST-2094,ACC-2094,INV-GEN-9B6D8E,PAY-GEN-03B7E8,206.95,2026-09-14,FAILED,PF-GEN-DE4628,INSUFFICIENT_FUNDS_REPORTED,"Issuer reported insufficient funds, disputed by customer",2026-09-14,4208,INSUFFICIENT_FUNDS
CUST-7279,ACC-7279,INV-GEN-E119D9,PAY-GEN-31434C,86.36,2026-09-01,FAILED,PF-GEN-6FCD8E,CARD_DECLINED,Issuer declined the charge despite sufficient reported funds,2026-09-01,6425,DO_NOT_HONOR
CUST-7663,ACC-7663,INV-GEN-186093,PAY-GEN-E413CD,90.95,2026-08-28,FAILED,PF-GEN-2C99F5,INSUFFICIENT_FUNDS_REPORTED,"Issuer reported insufficient funds, disputed by customer",2026-08-28,5550,INSUFFICIENT_FUNDS
CUST-5439,ACC-5439,INV-GEN-CA2A07,PAY-GEN-F1E1E4,132.0,2026-08-29,FAILED,PF-GEN-DC9513,ISSUER_TIMEOUT,Issuer gateway timed out mid-authorization,2026-08-29,2772,TIMEOUT
CUST-5688,ACC-5688,INV-GEN-B7F04E,PAY-GEN-910F2B,110.81,2026-09-03,FAILED,PF-GEN-B7CB75,INSUFFICIENT_FUNDS_REPORTED,"Issuer reported insufficient funds, disputed by customer",2026-09-03,1100,INSUFFICIENT_FUNDS
CUST-6671,ACC-6671,INV-GEN-8AF352,PAY-GEN-E63682,48.83,2026-09-12,FAILED,PF-GEN-FA2766,INSUFFICIENT_FUNDS_REPORTED,"Issuer reported insufficient funds, disputed by customer",2026-09-12,9908,INSUFFICIENT_FUNDS
CUST-8593,ACC-8593,INV-GEN-824858,PAY-GEN-069299,76.72,2026-09-15,FAILED,PF-GEN-412019,INSUFFICIENT_FUNDS_REPORTED,"Issuer reported insufficient funds, disputed by customer",2026-09-15,4662,INSUFFICIENT_FUNDS
CUST-7291,ACC-7291,INV-GEN-696599,PAY-GEN-DA8FC8,213.86,2026-08-28,FAILED,PF-GEN-B0CCA8,CARD_DECLINED,Issuer declined the charge despite sufficient reported funds,2026-08-28,6230,DO_NOT_HONOR
CUST-8097,ACC-8097,INV-GEN-B3FABD,PAY-GEN-2D61FE,138.31,2026-09-11,FAILED,PF-GEN-4EE200,INSUFFICIENT_FUNDS_REPORTED,"Issuer reported insufficient funds, disputed by customer",2026-09-11,8858,INSUFFICIENT_FUNDS
CUST-6151,ACC-6151,INV-GEN-987A26,PAY-GEN-F291AD,162.46,2026-09-10,FAILED,PF-GEN-0F36DB,CARD_DECLINED,Issuer declined the charge despite sufficient reported funds,2026-09-10,3160,DO_NOT_HONOR
CUST-5008,ACC-5008,INV-GEN-47DB61,PAY-GEN-6E91AB,120.22,2026-09-13,FAILED,PF-GEN-C87E24,INSUFFICIENT_FUNDS_REPORTED,"Issuer reported insufficient funds, disputed by customer",2026-09-13,8900,INSUFFICIENT_FUNDS
CUST-6797,ACC-6797,INV-GEN-30F383,PAY-GEN-3D5092,191.23,2026-09-06,FAILED,PF-GEN-F65A6E,CARD_DECLINED,Issuer declined the charge despite sufficient reported funds,2026-09-06,3331,DO_NOT_HONOR
CUST-3848,ACC-3848,INV-GEN-6395FB,PAY-GEN-E29BE4,149.84,2026-08-29,FAILED,PF-GEN-88F3D7,CARD_DECLINED,Issuer declined the charge despite sufficient reported funds,2026-08-29,5493,DO_NOT_HONOR
CUST-5160,ACC-5160,INV-GEN-6EAA20,PAY-GEN-F1B0CB,110.07,2026-09-15,FAILED,PF-GEN-D4E799,ISSUER_TIMEOUT,Issuer gateway timed out mid-authorization,2026-09-15,5064,TIMEOUT
CUST-4267,ACC-4267,INV-GEN-78D8A7,PAY-GEN-B38167,208.69,2026-09-10,FAILED,PF-GEN-F09EC1,ISSUER_TIMEOUT,Issuer gateway timed out mid-authorization,2026-09-10,8972,TIMEOUT
CUST-8344,ACC-8344,INV-GEN-3454E8,PAY-GEN-0F2734,71.68,2026-08-29,FAILED,PF-GEN-D0D699,CARD_DECLINED,Issuer declined the charge despite sufficient reported funds,2026-08-29,8072,DO_NOT_HONOR
CUST-7843,ACC-7843,INV-GEN-0DDF03,PAY-GEN-070CAC,26.67,2026-09-13,FAILED,PF-GEN-B2F21C,EXPIRED_CARD,Card on file expired before the auto-charge ran,2026-09-13,4347,EXPIRED_CARD
CUST-6907,ACC-6907,INV-GEN-A8E232,PAY-GEN-DC180C,53.41,2026-09-13,FAILED,PF-GEN-D8CCF5,INSUFFICIENT_FUNDS_REPORTED,"Issuer reported insufficient funds, disputed by customer",2026-09-13,5371,INSUFFICIENT_FUNDS
CUST-7744,ACC-7744,INV-GEN-A2EFD3,PAY-GEN-033F7D,154.81,2026-08-30,FAILED,PF-GEN-658675,CARD_DECLINED,Issuer declined the charge despite sufficient reported funds,2026-08-30,7837,DO_NOT_HONOR
CUST-5942,ACC-5942,INV-GEN-D6152D,PAY-GEN-78414A,20.59,2026-08-27,FAILED,PF-GEN-24F5F1,ISSUER_TIMEOUT,Issuer gateway timed out mid-authorization,2026-08-27,9277,TIMEOUT
CUST-4216,ACC-4216,INV-GEN-08874A,PAY-GEN-280BAA,165.61,2026-09-09,FAILED,PF-GEN-2611DD,INSUFFICIENT_FUNDS_REPORTED,"Issuer reported insufficient funds, disputed by customer",2026-09-09,6830,INSUFFICIENT_FUNDS
CUST-9301,ACC-9301,INV-GEN-667621,PAY-GEN-D9323B,82.26,2026-09-11,FAILED,PF-GEN-4EA673,EXPIRED_CARD,Card on file expired before the auto-charge ran,2026-09-11,7894,EXPIRED_CARD
CUST-2362,ACC-2362,INV-GEN-F41F55,PAY-GEN-47CD84,76.15,2026-09-08,FAILED,PF-GEN-28D687,INSUFFICIENT_FUNDS_REPORTED,"Issuer reported insufficient funds, disputed by customer",2026-09-08,9111,INSUFFICIENT_FUNDS
CUST-7915,ACC-7915,INV-GEN-9E745F,PAY-GEN-67776A,199.54,2026-08-27,FAILED,PF-GEN-10C7FD,ISSUER_TIMEOUT,Issuer gateway timed out mid-authorization,2026-08-27,3696,TIMEOUT
CUST-7231,ACC-7231,INV-GEN-617EAD,PAY-GEN-A407B2,52.52,2026-09-12,FAILED,PF-GEN-931971,EXPIRED_CARD,Card on file expired before the auto-charge ran,2026-09-12,2089,EXPIRED_CARD
CUST-6762,ACC-6762,INV-GEN-63D470,PAY-GEN-1CDC6C,82.58,2026-09-08,FAILED,PF-GEN-C00051,INSUFFICIENT_FUNDS_REPORTED,"Issuer reported insufficient funds, disputed by customer",2026-09-08,4653,INSUFFICIENT_FUNDS
CUST-3992,ACC-3992,INV-GEN-C419A1,PAY-GEN-8BF338,89.84,2026-08-31,FAILED,PF-GEN-10B240,EXPIRED_CARD,Card on file expired before the auto-charge ran,2026-08-31,5533,EXPIRED_CARD
CUST-9191,ACC-9191,INV-GEN-FEFFF4,PAY-GEN-50FBDE,46.14,2026-09-14,FAILED,PF-GEN-DC8E43,EXPIRED_CARD,Card on file expired before the auto-charge ran,2026-09-14,4491,EXPIRED_CARD
CUST-9978,ACC-9978,INV-GEN-831173,PAY-GEN-3AF3EA,193.02,2026-08-30,FAILED,PF-GEN-F0CAE2,CARD_DECLINED,Issuer declined the charge despite sufficient reported funds,2026-08-30,3162,DO_NOT_HONOR
CUST-6174,ACC-6174,INV-GEN-B251DE,PAY-GEN-F796E0,80.86,2026-08-29,FAILED,PF-GEN-AB982E,INSUFFICIENT_FUNDS_REPORTED,"Issuer reported insufficient funds, disputed by customer",2026-08-29,7552,INSUFFICIENT_FUNDS
CUST-5921,ACC-5921,INV-GEN-CAF9DB,PAY-GEN-0F0082,81.47,2026-09-12,FAILED,PF-GEN-220D63,EXPIRED_CARD,Card on file expired before the auto-charge ran,2026-09-12,3881,EXPIRED_CARD
CUST-9190,ACC-9190,INV-GEN-2B3B8E,PAY-GEN-548EFB,28.98,2026-09-08,FAILED,PF-GEN-866872,CARD_DECLINED,Issuer declined the charge despite sufficient reported funds,2026-09-08,1061,DO_NOT_HONOR
CUST-4902,ACC-4902,INV-GEN-B0F720,PAY-GEN-643442,179.7,2026-09-07,FAILED,PF-GEN-77CFB7,CARD_DECLINED,Issuer declined the charge despite sufficient reported funds,2026-09-07,8911,DO_NOT_HONOR
CUST-7766,ACC-7766,INV-GEN-0F904C,PAY-GEN-1AA783,104.06,2026-09-13,FAILED,PF-GEN-BE2353,CARD_DECLINED,Issuer declined the charge despite sufficient reported funds,2026-09-13,2412,DO_NOT_HONOR
