customer_id,account_id,counter_id,site_id,kpi_name,value,unit,threshold,severity,observed_at,impact_description
CUST-4874,ACC-4874,PM-GEN-4473F7,SITE-UAE-DXB-01,call_drop_rate,7.6,%,2.0,HIGH,2026-08-28T05:10:54Z,call_drop_rate at 7.6% (threshold 2.0) at SITE-UAE-DXB-01. Correlated with network failure CELL_OUTAGE at SITE-UAE-DXB-01 (NF-GEN-DA57FA).
CUST-3471,ACC-3471,PM-GEN-F99349,SITE-FR-PAR-021,call_drop_rate,7.9,%,2.0,MEDIUM,2026-09-13T22:41:54Z,call_drop_rate at 7.9% (threshold 2.0) at SITE-FR-PAR-021. Correlated with network failure ROAMING_PARTNER_OUTAGE at SITE-FR-PAR-021 (NF-GEN-CE936C).
CUST-5252,ACC-5252,PM-GEN-D35E52,SITE-ES-MAD-009,throughput_mbps,29.2,Mbps,50.0,HIGH,2026-09-09T13:08:54Z,throughput_mbps at 29.2Mbps (threshold 50.0) at SITE-ES-MAD-009. Correlated with network failure CONGESTION at SITE-ES-MAD-009 (NF-GEN-76F55A).
CUST-7352,ACC-7352,PM-GEN-755F37,SITE-DE-BER-002,call_drop_rate,8.0,%,2.0,HIGH,2026-09-09T22:01:54Z,call_drop_rate at 8.0% (threshold 2.0) at SITE-DE-BER-002. Correlated with network failure CELL_OUTAGE at SITE-DE-BER-002 (NF-GEN-C40B48).
CUST-8538,ACC-8538,PM-GEN-F463E4,SITE-DE-BER-002,handover_success_rate,73.8,%,97.0,MEDIUM,2026-09-07T04:06:54Z,handover_success_rate at 73.8% (threshold 97.0) at SITE-DE-BER-002. Correlated with network failure CONGESTION at SITE-DE-BER-002 (NF-GEN-AA5A59).
CUST-7899,ACC-7899,PM-GEN-D25ACC,SITE-FR-PAR-021,rrc_setup_success_rate,49.2,%,98.0,HIGH,2026-08-31T01:15:54Z,rrc_setup_success_rate at 49.2% (threshold 98.0) at SITE-FR-PAR-021. Correlated with network failure CONGESTION at SITE-FR-PAR-021 (NF-GEN-648EA8).
CUST-3853,ACC-3853,PM-GEN-BB1CDA,SITE-FR-PAR-021,rrc_setup_success_rate,60.4,%,98.0,HIGH,2026-08-30T00:50:54Z,rrc_setup_success_rate at 60.4% (threshold 98.0) at SITE-FR-PAR-021. Correlated with network failure ROAMING_PARTNER_OUTAGE at SITE-FR-PAR-021 (NF-GEN-A67E28).
CUST-2495,ACC-2495,PM-GEN-5BD77D,SITE-UAE-DXB-01,handover_success_rate,58.3,%,97.0,MEDIUM,2026-09-01T20:32:54Z,handover_success_rate at 58.3% (threshold 97.0) at SITE-UAE-DXB-01. Correlated with network failure CONGESTION at SITE-UAE-DXB-01 (NF-GEN-94A46B).
CUST-4347,ACC-4347,PM-GEN-A0F7A2,SITE-DE-BER-002,call_drop_rate,7.7,%,2.0,MEDIUM,2026-08-27T09:45:54Z,call_drop_rate at 7.7% (threshold 2.0) at SITE-DE-BER-002. Correlated with network failure ROAMING_PARTNER_OUTAGE at SITE-DE-BER-002 (NF-GEN-7051CE).
CUST-6943,ACC-6943,PM-GEN-4C5C76,SITE-FR-PAR-021,call_drop_rate,7.8,%,2.0,HIGH,2026-08-29T20:21:54Z,call_drop_rate at 7.8% (threshold 2.0) at SITE-FR-PAR-021. Correlated with network failure CELL_OUTAGE at SITE-FR-PAR-021 (NF-GEN-1633D3).
CUST-4943,ACC-4943,PM-GEN-FC3A8F,SITE-UK-LON-014,call_drop_rate,8.9,%,2.0,HIGH,2026-09-06T08:20:54Z,call_drop_rate at 8.9% (threshold 2.0) at SITE-UK-LON-014. Correlated with network failure SIGNAL_DEGRADATION at SITE-UK-LON-014 (NF-GEN-A92015).
CUST-2326,ACC-2326,PM-GEN-6C292F,SITE-UK-LON-014,call_drop_rate,5.8,%,2.0,MEDIUM,2026-09-05T20:28:54Z,call_drop_rate at 5.8% (threshold 2.0) at SITE-UK-LON-014. Correlated with network failure SIGNAL_DEGRADATION at SITE-UK-LON-014 (NF-GEN-ACCA0D).
CUST-5636,ACC-5636,PM-GEN-1EBAE8,SITE-DE-BER-002,throughput_mbps,28.3,Mbps,50.0,HIGH,2026-09-11T05:12:54Z,throughput_mbps at 28.3Mbps (threshold 50.0) at SITE-DE-BER-002. Correlated with network failure ROAMING_PARTNER_OUTAGE at SITE-DE-BER-002 (NF-GEN-F9105E).
CUST-3116,ACC-3116,PM-GEN-8942E0,SITE-DE-BER-002,rrc_setup_success_rate,58.4,%,98.0,HIGH,2026-09-15T07:59:54Z,rrc_setup_success_rate at 58.4% (threshold 98.0) at SITE-DE-BER-002. Correlated with network failure CONGESTION at SITE-DE-BER-002 (NF-GEN-6A06E7).
CUST-5889,ACC-5889,PM-GEN-3B9F0F,SITE-UAE-DXB-01,handover_success_rate,61.1,%,97.0,HIGH,2026-09-11T23:08:54Z,handover_success_rate at 61.1% (threshold 97.0) at SITE-UAE-DXB-01. Correlated with network failure SIGNAL_DEGRADATION at SITE-UAE-DXB-01 (NF-GEN-2211DE).
CUST-5794,ACC-5794,PM-GEN-0F3498,SITE-UAE-DXB-01,throughput_mbps,34.6,Mbps,50.0,MEDIUM,2026-09-01T02:40:54Z,throughput_mbps at 34.6Mbps (threshold 50.0) at SITE-UAE-DXB-01. Correlated with network failure CONGESTION at SITE-UAE-DXB-01 (NF-GEN-3CD377).
CUST-6783,ACC-6783,PM-GEN-BA75BA,SITE-DE-BER-002,throughput_mbps,31.6,Mbps,50.0,MEDIUM,2026-09-10T08:10:54Z,throughput_mbps at 31.6Mbps (threshold 50.0) at SITE-DE-BER-002. Correlated with network failure CELL_OUTAGE at SITE-DE-BER-002 (NF-GEN-D09E05).
CUST-2637,ACC-2637,PM-GEN-7CA38B,SITE-UK-LON-014,call_drop_rate,5.2,%,2.0,HIGH,2026-09-14T12:43:54Z,call_drop_rate at 5.2% (threshold 2.0) at SITE-UK-LON-014. Correlated with network failure CONGESTION at SITE-UK-LON-014 (NF-GEN-FC8990).
CUST-9615,ACC-9615,PM-GEN-182C43,SITE-UAE-DXB-01,call_drop_rate,6.6,%,2.0,HIGH,2026-09-16T10:36:54Z,call_drop_rate at 6.6% (threshold 2.0) at SITE-UAE-DXB-01. Correlated with network failure CONGESTION at SITE-UAE-DXB-01 (NF-GEN-E83B22).
CUST-7156,ACC-7156,PM-GEN-7589EE,SITE-UAE-DXB-01,throughput_mbps,25.7,Mbps,50.0,MEDIUM,2026-09-08T23:59:54Z,throughput_mbps at 25.7Mbps (threshold 50.0) at SITE-UAE-DXB-01. Correlated with network failure CELL_OUTAGE at SITE-UAE-DXB-01 (NF-GEN-FD3949).
CUST-6321,ACC-6321,PM-GEN-D71D27,SITE-UAE-DXB-01,rrc_setup_success_rate,71.2,%,98.0,HIGH,2026-09-05T04:46:54Z,rrc_setup_success_rate at 71.2% (threshold 98.0) at SITE-UAE-DXB-01. Correlated with network failure CONGESTION at SITE-UAE-DXB-01 (NF-GEN-326D72).
CUST-8603,ACC-8603,PM-GEN-1F504C,SITE-ES-MAD-009,handover_success_rate,55.4,%,97.0,HIGH,2026-09-11T05:59:54Z,handover_success_rate at 55.4% (threshold 97.0) at SITE-ES-MAD-009. Correlated with network failure ROAMING_PARTNER_OUTAGE at SITE-ES-MAD-009 (NF-GEN-CE688E).
CUST-7785,ACC-7785,PM-GEN-F300C3,SITE-UAE-DXB-01,handover_success_rate,73.4,%,97.0,HIGH,2026-08-28T17:00:54Z,handover_success_rate at 73.4% (threshold 97.0) at SITE-UAE-DXB-01. Correlated with network failure ROAMING_PARTNER_OUTAGE at SITE-UAE-DXB-01 (NF-GEN-7D68BF).
CUST-5356,ACC-5356,PM-GEN-1D7D32,SITE-UK-LON-014,throughput_mbps,30.4,Mbps,50.0,MEDIUM,2026-09-01T16:15:54Z,throughput_mbps at 30.4Mbps (threshold 50.0) at SITE-UK-LON-014. Correlated with network failure CELL_OUTAGE at SITE-UK-LON-014 (NF-GEN-3432EF).
CUST-8467,ACC-8467,PM-GEN-89C67C,SITE-UAE-DXB-01,rrc_setup_success_rate,64.8,%,98.0,HIGH,2026-09-08T07:30:54Z,rrc_setup_success_rate at 64.8% (threshold 98.0) at SITE-UAE-DXB-01. Correlated with network failure SIGNAL_DEGRADATION at SITE-UAE-DXB-01 (NF-GEN-D74EC0).
CUST-4703,ACC-4703,PM-GEN-4DF968,SITE-UK-LON-014,handover_success_rate,72.7,%,97.0,HIGH,2026-09-13T07:55:54Z,handover_success_rate at 72.7% (threshold 97.0) at SITE-UK-LON-014. Correlated with network failure ROAMING_PARTNER_OUTAGE at SITE-UK-LON-014 (NF-GEN-1D8681).
CUST-6389,ACC-6389,PM-GEN-868337,SITE-UK-LON-014,rrc_setup_success_rate,65.7,%,98.0,MEDIUM,2026-09-08T17:36:54Z,rrc_setup_success_rate at 65.7% (threshold 98.0) at SITE-UK-LON-014. Correlated with network failure ROAMING_PARTNER_OUTAGE at SITE-UK-LON-014 (NF-GEN-25176F).
CUST-9072,ACC-9072,PM-GEN-4D8B6C,SITE-DE-BER-002,throughput_mbps,35.3,Mbps,50.0,MEDIUM,2026-09-06T04:19:54Z,throughput_mbps at 35.3Mbps (threshold 50.0) at SITE-DE-BER-002. Correlated with network failure CELL_OUTAGE at SITE-DE-BER-002 (NF-GEN-F6E86B).
CUST-4367,ACC-4367,PM-GEN-68F614,SITE-UK-LON-014,call_drop_rate,7.8,%,2.0,MEDIUM,2026-08-31T02:34:54Z,call_drop_rate at 7.8% (threshold 2.0) at SITE-UK-LON-014. Correlated with network failure CELL_OUTAGE at SITE-UK-LON-014 (NF-GEN-E4E3D5).
CUST-3889,ACC-3889,PM-GEN-F2271C,SITE-DE-BER-002,throughput_mbps,25.2,Mbps,50.0,HIGH,2026-08-27T08:39:54Z,throughput_mbps at 25.2Mbps (threshold 50.0) at SITE-DE-BER-002. Correlated with network failure CONGESTION at SITE-DE-BER-002 (NF-GEN-18D7D5).
CUST-6959,ACC-6959,PM-GEN-9059AB,SITE-UAE-DXB-01,call_drop_rate,8.4,%,2.0,MEDIUM,2026-09-09T00:45:54Z,call_drop_rate at 8.4% (threshold 2.0) at SITE-UAE-DXB-01. Correlated with network failure SIGNAL_DEGRADATION at SITE-UAE-DXB-01 (NF-GEN-D8649E).
CUST-9462,ACC-9462,PM-GEN-BBA54B,SITE-UAE-DXB-01,handover_success_rate,57.7,%,97.0,HIGH,2026-09-07T21:23:54Z,handover_success_rate at 57.7% (threshold 97.0) at SITE-UAE-DXB-01. Correlated with network failure ROAMING_PARTNER_OUTAGE at SITE-UAE-DXB-01 (NF-GEN-528634).
CUST-8568,ACC-8568,PM-GEN-C641E4,SITE-UAE-DXB-01,handover_success_rate,81.5,%,97.0,HIGH,2026-09-12T13:37:54Z,handover_success_rate at 81.5% (threshold 97.0) at SITE-UAE-DXB-01. Correlated with network failure CELL_OUTAGE at SITE-UAE-DXB-01 (NF-GEN-75E100).
CUST-9376,ACC-9376,PM-GEN-2FBF31,SITE-ES-MAD-009,throughput_mbps,41.0,Mbps,50.0,HIGH,2026-08-30T05:10:54Z,throughput_mbps at 41.0Mbps (threshold 50.0) at SITE-ES-MAD-009. Correlated with network failure CONGESTION at SITE-ES-MAD-009 (NF-GEN-A16AA9).
CUST-9495,ACC-9495,PM-GEN-1BCC27,SITE-UK-LON-014,throughput_mbps,42.3,Mbps,50.0,HIGH,2026-09-05T21:33:54Z,throughput_mbps at 42.3Mbps (threshold 50.0) at SITE-UK-LON-014. Correlated with network failure SIGNAL_DEGRADATION at SITE-UK-LON-014 (NF-GEN-499D5A).
CUST-8588,ACC-8588,PM-GEN-4E62CE,SITE-UAE-DXB-01,throughput_mbps,38.3,Mbps,50.0,MEDIUM,2026-09-13T13:58:54Z,throughput_mbps at 38.3Mbps (threshold 50.0) at SITE-UAE-DXB-01. Correlated with network failure CELL_OUTAGE at SITE-UAE-DXB-01 (NF-GEN-FBBC86).
CUST-6582,ACC-6582,PM-GEN-251D57,SITE-ES-MAD-009,call_drop_rate,6.5,%,2.0,HIGH,2026-08-28T07:59:54Z,call_drop_rate at 6.5% (threshold 2.0) at SITE-ES-MAD-009. Correlated with network failure CELL_OUTAGE at SITE-ES-MAD-009 (NF-GEN-1FEA3F).
CUST-2670,ACC-2670,PM-GEN-A2C263,SITE-UAE-DXB-01,throughput_mbps,30.4,Mbps,50.0,HIGH,2026-09-07T05:57:54Z,throughput_mbps at 30.4Mbps (threshold 50.0) at SITE-UAE-DXB-01. Correlated with network failure CELL_OUTAGE at SITE-UAE-DXB-01 (NF-GEN-2121E2).
CUST-3892,ACC-3892,PM-GEN-5AB92D,SITE-UAE-DXB-01,call_drop_rate,5.6,%,2.0,MEDIUM,2026-08-31T16:43:54Z,call_drop_rate at 5.6% (threshold 2.0) at SITE-UAE-DXB-01. Correlated with network failure ROAMING_PARTNER_OUTAGE at SITE-UAE-DXB-01 (NF-GEN-14FCAE).
CUST-3057,ACC-3057,PM-GEN-A221D1,SITE-UK-LON-014,rrc_setup_success_rate,52.9,%,98.0,HIGH,2026-09-05T20:19:54Z,rrc_setup_success_rate at 52.9% (threshold 98.0) at SITE-UK-LON-014. Correlated with network failure CELL_OUTAGE at SITE-UK-LON-014 (NF-GEN-B7B5AD).
CUST-9976,ACC-9976,PM-GEN-76F77E,SITE-DE-BER-002,rrc_setup_success_rate,59.6,%,98.0,MEDIUM,2026-09-02T00:36:54Z,rrc_setup_success_rate at 59.6% (threshold 98.0) at SITE-DE-BER-002. Correlated with network failure CELL_OUTAGE at SITE-DE-BER-002 (NF-GEN-8B516C).
CUST-5075,ACC-5075,PM-GEN-5B9E4B,SITE-FR-PAR-021,call_drop_rate,6.0,%,2.0,HIGH,2026-09-12T18:30:54Z,call_drop_rate at 6.0% (threshold 2.0) at SITE-FR-PAR-021. Correlated with network failure ROAMING_PARTNER_OUTAGE at SITE-FR-PAR-021 (NF-GEN-10085D).
CUST-2404,ACC-2404,PM-GEN-D028E1,SITE-UK-LON-014,call_drop_rate,5.3,%,2.0,HIGH,2026-09-13T17:39:54Z,call_drop_rate at 5.3% (threshold 2.0) at SITE-UK-LON-014. Correlated with network failure CELL_OUTAGE at SITE-UK-LON-014 (NF-GEN-5565D8).
CUST-3514,ACC-3514,PM-GEN-FDB66E,SITE-UAE-DXB-01,throughput_mbps,31.7,Mbps,50.0,HIGH,2026-09-10T06:12:54Z,throughput_mbps at 31.7Mbps (threshold 50.0) at SITE-UAE-DXB-01. Correlated with network failure CELL_OUTAGE at SITE-UAE-DXB-01 (NF-GEN-170B09).
CUST-8920,ACC-8920,PM-GEN-B92E90,SITE-FR-PAR-021,rrc_setup_success_rate,64.1,%,98.0,HIGH,2026-09-08T10:39:54Z,rrc_setup_success_rate at 64.1% (threshold 98.0) at SITE-FR-PAR-021. Correlated with network failure CONGESTION at SITE-FR-PAR-021 (NF-GEN-286CC0).
CUST-8015,ACC-8015,PM-GEN-A1D9CE,SITE-ES-MAD-009,throughput_mbps,36.5,Mbps,50.0,MEDIUM,2026-09-04T04:07:54Z,throughput_mbps at 36.5Mbps (threshold 50.0) at SITE-ES-MAD-009. Correlated with network failure ROAMING_PARTNER_OUTAGE at SITE-ES-MAD-009 (NF-GEN-548802).
CUST-6477,ACC-6477,PM-GEN-58DACB,SITE-FR-PAR-021,throughput_mbps,28.0,Mbps,50.0,MEDIUM,2026-09-16T04:29:54Z,throughput_mbps at 28.0Mbps (threshold 50.0) at SITE-FR-PAR-021. Correlated with network failure ROAMING_PARTNER_OUTAGE at SITE-FR-PAR-021 (NF-GEN-4166B3).
CUST-3060,ACC-3060,PM-GEN-E638BB,SITE-FR-PAR-021,call_drop_rate,9.9,%,2.0,HIGH,2026-09-13T11:58:54Z,call_drop_rate at 9.9% (threshold 2.0) at SITE-FR-PAR-021. Correlated with network failure CELL_OUTAGE at SITE-FR-PAR-021 (NF-GEN-303635).
CUST-2134,ACC-2134,PM-GEN-850687,SITE-DE-BER-002,handover_success_rate,72.8,%,97.0,HIGH,2026-09-06T08:16:54Z,handover_success_rate at 72.8% (threshold 97.0) at SITE-DE-BER-002. Correlated with network failure CONGESTION at SITE-DE-BER-002 (NF-GEN-D5BE6B).
CUST-5413,ACC-5413,PM-GEN-7F507A,SITE-ES-MAD-009,throughput_mbps,35.4,Mbps,50.0,MEDIUM,2026-08-31T00:01:54Z,throughput_mbps at 35.4Mbps (threshold 50.0) at SITE-ES-MAD-009. Correlated with network failure SIGNAL_DEGRADATION at SITE-ES-MAD-009 (NF-GEN-360042).
CUST-3374,ACC-3374,PM-GEN-650FD9,SITE-FR-PAR-021,rrc_setup_success_rate,50.0,%,98.0,HIGH,2026-09-02T02:33:54Z,rrc_setup_success_rate at 50.0% (threshold 98.0) at SITE-FR-PAR-021. Correlated with network failure SIGNAL_DEGRADATION at SITE-FR-PAR-021 (NF-GEN-A4E542).
CUST-7830,ACC-7830,PM-GEN-E60DBF,SITE-DE-BER-002,call_drop_rate,4.5,%,2.0,MEDIUM,2026-09-11T20:02:54Z,call_drop_rate at 4.5% (threshold 2.0) at SITE-DE-BER-002. Correlated with network failure ROAMING_PARTNER_OUTAGE at SITE-DE-BER-002 (NF-GEN-9384D7).
CUST-9898,ACC-9898,PM-GEN-AF516B,SITE-DE-BER-002,call_drop_rate,9.2,%,2.0,HIGH,2026-09-14T00:48:54Z,call_drop_rate at 9.2% (threshold 2.0) at SITE-DE-BER-002. Correlated with network failure CELL_OUTAGE at SITE-DE-BER-002 (NF-GEN-82C314).
CUST-4617,ACC-4617,PM-GEN-5EFFF1,SITE-ES-MAD-009,call_drop_rate,7.2,%,2.0,MEDIUM,2026-09-04T07:32:54Z,call_drop_rate at 7.2% (threshold 2.0) at SITE-ES-MAD-009. Correlated with network failure ROAMING_PARTNER_OUTAGE at SITE-ES-MAD-009 (NF-GEN-CF0158).
CUST-3222,ACC-3222,PM-GEN-5612FF,SITE-FR-PAR-021,rrc_setup_success_rate,49.5,%,98.0,MEDIUM,2026-09-12T10:38:54Z,rrc_setup_success_rate at 49.5% (threshold 98.0) at SITE-FR-PAR-021. Correlated with network failure SIGNAL_DEGRADATION at SITE-FR-PAR-021 (NF-GEN-81FFE4).
CUST-7150,ACC-7150,PM-GEN-13CC75,SITE-UK-LON-014,handover_success_rate,80.3,%,97.0,MEDIUM,2026-08-30T15:17:54Z,handover_success_rate at 80.3% (threshold 97.0) at SITE-UK-LON-014. Correlated with network failure SIGNAL_DEGRADATION at SITE-UK-LON-014 (NF-GEN-9744DF).
CUST-9851,ACC-9851,PM-GEN-2AE35B,SITE-DE-BER-002,throughput_mbps,26.8,Mbps,50.0,HIGH,2026-09-14T05:44:54Z,throughput_mbps at 26.8Mbps (threshold 50.0) at SITE-DE-BER-002. Correlated with network failure ROAMING_PARTNER_OUTAGE at SITE-DE-BER-002 (NF-GEN-6E844E).
CUST-7666,ACC-7666,PM-GEN-09D117,SITE-UK-LON-014,handover_success_rate,71.8,%,97.0,MEDIUM,2026-09-03T20:12:54Z,handover_success_rate at 71.8% (threshold 97.0) at SITE-UK-LON-014. Correlated with network failure ROAMING_PARTNER_OUTAGE at SITE-UK-LON-014 (NF-GEN-4A0B0C).
CUST-6690,ACC-6690,PM-GEN-46B0A9,SITE-UAE-DXB-01,handover_success_rate,55.8,%,97.0,MEDIUM,2026-09-02T02:50:54Z,handover_success_rate at 55.8% (threshold 97.0) at SITE-UAE-DXB-01. Correlated with network failure ROAMING_PARTNER_OUTAGE at SITE-UAE-DXB-01 (NF-GEN-5E720E).
CUST-8470,ACC-8470,PM-GEN-AE9A9A,SITE-UK-LON-014,throughput_mbps,37.4,Mbps,50.0,MEDIUM,2026-09-07T03:04:54Z,throughput_mbps at 37.4Mbps (threshold 50.0) at SITE-UK-LON-014. Correlated with network failure ROAMING_PARTNER_OUTAGE at SITE-UK-LON-014 (NF-GEN-29107A).
CUST-9623,ACC-9623,PM-GEN-E9884B,SITE-DE-BER-002,call_drop_rate,4.9,%,2.0,HIGH,2026-09-06T07:15:54Z,call_drop_rate at 4.9% (threshold 2.0) at SITE-DE-BER-002. Correlated with network failure ROAMING_PARTNER_OUTAGE at SITE-DE-BER-002 (NF-GEN-69CB70).
CUST-8638,ACC-8638,PM-GEN-5B9793,SITE-FR-PAR-021,rrc_setup_success_rate,54.4,%,98.0,HIGH,2026-08-29T00:41:54Z,rrc_setup_success_rate at 54.4% (threshold 98.0) at SITE-FR-PAR-021. Correlated with network failure SIGNAL_DEGRADATION at SITE-FR-PAR-021 (NF-GEN-A79633).
CUST-5781,ACC-5781,PM-GEN-4AEE91,SITE-DE-BER-002,call_drop_rate,5.4,%,2.0,MEDIUM,2026-09-15T20:37:54Z,call_drop_rate at 5.4% (threshold 2.0) at SITE-DE-BER-002. Correlated with network failure CELL_OUTAGE at SITE-DE-BER-002 (NF-GEN-D9A555).
CUST-4766,ACC-4766,PM-GEN-E21590,SITE-ES-MAD-009,handover_success_rate,60.6,%,97.0,MEDIUM,2026-09-16T07:09:54Z,handover_success_rate at 60.6% (threshold 97.0) at SITE-ES-MAD-009. Correlated with network failure CELL_OUTAGE at SITE-ES-MAD-009 (NF-GEN-A4C1BE).
CUST-8100,ACC-8100,PM-GEN-14D03C,SITE-ES-MAD-009,throughput_mbps,28.7,Mbps,50.0,HIGH,2026-09-08T06:02:54Z,throughput_mbps at 28.7Mbps (threshold 50.0) at SITE-ES-MAD-009. Correlated with network failure CELL_OUTAGE at SITE-ES-MAD-009 (NF-GEN-BBC262).
CUST-6944,ACC-6944,PM-GEN-4878B8,SITE-FR-PAR-021,handover_success_rate,54.0,%,97.0,MEDIUM,2026-09-10T11:43:54Z,handover_success_rate at 54.0% (threshold 97.0) at SITE-FR-PAR-021. Correlated with network failure CONGESTION at SITE-FR-PAR-021 (NF-GEN-2335F4).
CUST-6173,ACC-6173,PM-GEN-0D525D,SITE-UK-LON-014,handover_success_rate,54.2,%,97.0,HIGH,2026-08-29T10:30:54Z,handover_success_rate at 54.2% (threshold 97.0) at SITE-UK-LON-014. Correlated with network failure SIGNAL_DEGRADATION at SITE-UK-LON-014 (NF-GEN-7BB899).
CUST-8054,ACC-8054,PM-GEN-EF6550,SITE-FR-PAR-021,call_drop_rate,5.7,%,2.0,MEDIUM,2026-09-15T06:25:54Z,call_drop_rate at 5.7% (threshold 2.0) at SITE-FR-PAR-021. Correlated with network failure CONGESTION at SITE-FR-PAR-021 (NF-GEN-919103).
CUST-4719,ACC-4719,PM-GEN-B3FBCB,SITE-ES-MAD-009,handover_success_rate,74.3,%,97.0,HIGH,2026-09-09T03:07:54Z,handover_success_rate at 74.3% (threshold 97.0) at SITE-ES-MAD-009. Correlated with network failure ROAMING_PARTNER_OUTAGE at SITE-ES-MAD-009 (NF-GEN-66800F).
CUST-3674,ACC-3674,PM-GEN-3E2140,SITE-UK-LON-014,throughput_mbps,38.9,Mbps,50.0,HIGH,2026-09-16T03:25:54Z,throughput_mbps at 38.9Mbps (threshold 50.0) at SITE-UK-LON-014. Correlated with network failure ROAMING_PARTNER_OUTAGE at SITE-UK-LON-014 (NF-GEN-F5FDBC).
CUST-4747,ACC-4747,PM-GEN-F280A4,SITE-DE-BER-002,throughput_mbps,35.0,Mbps,50.0,MEDIUM,2026-09-14T18:00:54Z,throughput_mbps at 35.0Mbps (threshold 50.0) at SITE-DE-BER-002. Correlated with network failure CONGESTION at SITE-DE-BER-002 (NF-GEN-DE7529).
CUST-9372,ACC-9372,PM-GEN-5C43B1,SITE-ES-MAD-009,rrc_setup_success_rate,59.1,%,98.0,HIGH,2026-09-10T00:03:54Z,rrc_setup_success_rate at 59.1% (threshold 98.0) at SITE-ES-MAD-009. Correlated with network failure CONGESTION at SITE-ES-MAD-009 (NF-GEN-A65F13).
CUST-8045,ACC-8045,PM-GEN-8BCB46,SITE-ES-MAD-009,throughput_mbps,35.2,Mbps,50.0,MEDIUM,2026-08-29T15:17:54Z,throughput_mbps at 35.2Mbps (threshold 50.0) at SITE-ES-MAD-009. Correlated with network failure CELL_OUTAGE at SITE-ES-MAD-009 (NF-GEN-D7219A).
CUST-8587,ACC-8587,PM-GEN-B66061,SITE-UAE-DXB-01,throughput_mbps,27.4,Mbps,50.0,MEDIUM,2026-09-02T23:33:54Z,throughput_mbps at 27.4Mbps (threshold 50.0) at SITE-UAE-DXB-01. Correlated with network failure CONGESTION at SITE-UAE-DXB-01 (NF-GEN-17A983).
CUST-7382,ACC-7382,PM-GEN-3A29B6,SITE-UK-LON-014,throughput_mbps,28.1,Mbps,50.0,MEDIUM,2026-09-12T10:19:54Z,throughput_mbps at 28.1Mbps (threshold 50.0) at SITE-UK-LON-014. Correlated with network failure SIGNAL_DEGRADATION at SITE-UK-LON-014 (NF-GEN-98EED7).
CUST-6268,ACC-6268,PM-GEN-424A88,SITE-FR-PAR-021,handover_success_rate,65.9,%,97.0,MEDIUM,2026-08-29T04:31:54Z,handover_success_rate at 65.9% (threshold 97.0) at SITE-FR-PAR-021. Correlated with network failure CELL_OUTAGE at SITE-FR-PAR-021 (NF-GEN-24DAB8).
CUST-3329,ACC-3329,PM-GEN-238C39,SITE-ES-MAD-009,handover_success_rate,68.2,%,97.0,MEDIUM,2026-09-13T13:44:54Z,handover_success_rate at 68.2% (threshold 97.0) at SITE-ES-MAD-009. Correlated with network failure CELL_OUTAGE at SITE-ES-MAD-009 (NF-GEN-4DD098).
CUST-2879,ACC-2879,PM-GEN-D1D33B,SITE-DE-BER-002,handover_success_rate,72.0,%,97.0,MEDIUM,2026-09-17T00:29:54Z,handover_success_rate at 72.0% (threshold 97.0) at SITE-DE-BER-002. Correlated with network failure CELL_OUTAGE at SITE-DE-BER-002 (NF-GEN-CCD725).
CUST-9312,ACC-9312,PM-GEN-E7DBBC,SITE-FR-PAR-021,rrc_setup_success_rate,54.2,%,98.0,HIGH,2026-08-31T07:18:54Z,rrc_setup_success_rate at 54.2% (threshold 98.0) at SITE-FR-PAR-021. Correlated with network failure SIGNAL_DEGRADATION at SITE-FR-PAR-021 (NF-GEN-E05BC0).
CUST-9128,ACC-9128,PM-GEN-8BBA2D,SITE-UAE-DXB-01,throughput_mbps,39.6,Mbps,50.0,MEDIUM,2026-08-31T02:17:54Z,throughput_mbps at 39.6Mbps (threshold 50.0) at SITE-UAE-DXB-01. Correlated with network failure ROAMING_PARTNER_OUTAGE at SITE-UAE-DXB-01 (NF-GEN-9D2CF9).
CUST-2730,ACC-2730,PM-GEN-B270FB,SITE-FR-PAR-021,call_drop_rate,4.7,%,2.0,HIGH,2026-09-12T23:50:54Z,call_drop_rate at 4.7% (threshold 2.0) at SITE-FR-PAR-021. Correlated with network failure CONGESTION at SITE-FR-PAR-021 (NF-GEN-085F56).
CUST-7253,ACC-7253,PM-GEN-5718B4,SITE-DE-BER-002,rrc_setup_success_rate,82.9,%,98.0,MEDIUM,2026-08-29T00:40:54Z,rrc_setup_success_rate at 82.9% (threshold 98.0) at SITE-DE-BER-002. Correlated with network failure SIGNAL_DEGRADATION at SITE-DE-BER-002 (NF-GEN-D82F92).
CUST-2118,ACC-2118,PM-GEN-A2381E,SITE-DE-BER-002,call_drop_rate,6.0,%,2.0,MEDIUM,2026-09-03T21:52:54Z,call_drop_rate at 6.0% (threshold 2.0) at SITE-DE-BER-002. Correlated with network failure ROAMING_PARTNER_OUTAGE at SITE-DE-BER-002 (NF-GEN-6A2E89).
CUST-7462,ACC-7462,PM-GEN-7030C7,SITE-UK-LON-014,throughput_mbps,35.8,Mbps,50.0,HIGH,2026-09-09T10:38:54Z,throughput_mbps at 35.8Mbps (threshold 50.0) at SITE-UK-LON-014. Correlated with network failure ROAMING_PARTNER_OUTAGE at SITE-UK-LON-014 (NF-GEN-DA10E0).
CUST-4984,ACC-4984,PM-GEN-9B165A,SITE-UK-LON-014,throughput_mbps,32.8,Mbps,50.0,HIGH,2026-09-10T01:53:54Z,throughput_mbps at 32.8Mbps (threshold 50.0) at SITE-UK-LON-014. Correlated with network failure CONGESTION at SITE-UK-LON-014 (NF-GEN-9B94D0).
CUST-5993,ACC-5993,PM-GEN-2E052E,SITE-FR-PAR-021,throughput_mbps,29.8,Mbps,50.0,MEDIUM,2026-08-28T12:47:54Z,throughput_mbps at 29.8Mbps (threshold 50.0) at SITE-FR-PAR-021. Correlated with network failure CELL_OUTAGE at SITE-FR-PAR-021 (NF-GEN-6B841E).
CUST-4199,ACC-4199,PM-GEN-546268,SITE-UK-LON-014,rrc_setup_success_rate,65.5,%,98.0,HIGH,2026-08-30T09:33:54Z,rrc_setup_success_rate at 65.5% (threshold 98.0) at SITE-UK-LON-014. Correlated with network failure CONGESTION at SITE-UK-LON-014 (NF-GEN-45CD5D).
CUST-3447,ACC-3447,PM-GEN-7FADC1,SITE-FR-PAR-021,rrc_setup_success_rate,74.7,%,98.0,MEDIUM,2026-09-07T10:16:54Z,rrc_setup_success_rate at 74.7% (threshold 98.0) at SITE-FR-PAR-021. Correlated with network failure CONGESTION at SITE-FR-PAR-021 (NF-GEN-B147EE).
CUST-9590,ACC-9590,PM-GEN-825C02,SITE-ES-MAD-009,call_drop_rate,7.7,%,2.0,MEDIUM,2026-09-09T18:05:54Z,call_drop_rate at 7.7% (threshold 2.0) at SITE-ES-MAD-009. Correlated with network failure ROAMING_PARTNER_OUTAGE at SITE-ES-MAD-009 (NF-GEN-BEC943).
CUST-8622,ACC-8622,PM-GEN-556A4C,SITE-UAE-DXB-01,rrc_setup_success_rate,62.7,%,98.0,HIGH,2026-08-31T03:05:54Z,rrc_setup_success_rate at 62.7% (threshold 98.0) at SITE-UAE-DXB-01. Correlated with network failure CELL_OUTAGE at SITE-UAE-DXB-01 (NF-GEN-2BA21E).
CUST-3956,ACC-3956,PM-GEN-BA3241,SITE-UK-LON-014,throughput_mbps,40.6,Mbps,50.0,HIGH,2026-09-12T01:11:54Z,throughput_mbps at 40.6Mbps (threshold 50.0) at SITE-UK-LON-014. Correlated with network failure ROAMING_PARTNER_OUTAGE at SITE-UK-LON-014 (NF-GEN-4BB0AA).
CUST-7363,ACC-7363,PM-GEN-7F4FBD,SITE-DE-BER-002,rrc_setup_success_rate,79.7,%,98.0,MEDIUM,2026-09-11T16:56:54Z,rrc_setup_success_rate at 79.7% (threshold 98.0) at SITE-DE-BER-002. Correlated with network failure ROAMING_PARTNER_OUTAGE at SITE-DE-BER-002 (NF-GEN-D2A297).
CUST-4252,ACC-4252,PM-GEN-90E569,SITE-UK-LON-014,call_drop_rate,8.6,%,2.0,HIGH,2026-09-09T02:24:54Z,call_drop_rate at 8.6% (threshold 2.0) at SITE-UK-LON-014. Correlated with network failure SIGNAL_DEGRADATION at SITE-UK-LON-014 (NF-GEN-05A9E2).
CUST-4903,ACC-4903,PM-GEN-EE5F80,SITE-UAE-DXB-01,rrc_setup_success_rate,52.6,%,98.0,HIGH,2026-09-05T19:52:54Z,rrc_setup_success_rate at 52.6% (threshold 98.0) at SITE-UAE-DXB-01. Correlated with network failure SIGNAL_DEGRADATION at SITE-UAE-DXB-01 (NF-GEN-31D324).
CUST-8079,ACC-8079,PM-GEN-2E00D7,SITE-ES-MAD-009,throughput_mbps,33.7,Mbps,50.0,MEDIUM,2026-08-28T12:44:54Z,throughput_mbps at 33.7Mbps (threshold 50.0) at SITE-ES-MAD-009. Correlated with network failure SIGNAL_DEGRADATION at SITE-ES-MAD-009 (NF-GEN-DAE6F6).
CUST-2938,ACC-2938,PM-GEN-A700DB,SITE-ES-MAD-009,throughput_mbps,27.9,Mbps,50.0,HIGH,2026-09-14T08:12:54Z,throughput_mbps at 27.9Mbps (threshold 50.0) at SITE-ES-MAD-009. Correlated with network failure CELL_OUTAGE at SITE-ES-MAD-009 (NF-GEN-F33FD0).
CUST-6982,ACC-6982,PM-GEN-081E68,SITE-FR-PAR-021,handover_success_rate,67.3,%,97.0,MEDIUM,2026-09-16T03:54:54Z,handover_success_rate at 67.3% (threshold 97.0) at SITE-FR-PAR-021. Correlated with network failure CELL_OUTAGE at SITE-FR-PAR-021 (NF-GEN-A04722).
CUST-3036,ACC-3036,PM-GEN-02D47B,SITE-DE-BER-002,throughput_mbps,38.6,Mbps,50.0,MEDIUM,2026-09-05T14:21:54Z,throughput_mbps at 38.6Mbps (threshold 50.0) at SITE-DE-BER-002. Correlated with network failure CONGESTION at SITE-DE-BER-002 (NF-GEN-D4687B).
CUST-9676,ACC-9676,PM-GEN-A527E2,SITE-UAE-DXB-01,call_drop_rate,9.1,%,2.0,HIGH,2026-08-29T14:32:54Z,call_drop_rate at 9.1% (threshold 2.0) at SITE-UAE-DXB-01. Correlated with network failure CONGESTION at SITE-UAE-DXB-01 (NF-GEN-75E52B).
CUST-6465,ACC-6465,PM-GEN-BCADEE,SITE-ES-MAD-009,throughput_mbps,41.5,Mbps,50.0,HIGH,2026-09-02T10:46:54Z,throughput_mbps at 41.5Mbps (threshold 50.0) at SITE-ES-MAD-009. Correlated with network failure SIGNAL_DEGRADATION at SITE-ES-MAD-009 (NF-GEN-220038).
CUST-3828,ACC-3828,PM-GEN-C87B2F,SITE-FR-PAR-021,handover_success_rate,58.5,%,97.0,MEDIUM,2026-08-30T01:52:54Z,handover_success_rate at 58.5% (threshold 97.0) at SITE-FR-PAR-021. Correlated with network failure ROAMING_PARTNER_OUTAGE at SITE-FR-PAR-021 (NF-GEN-FE6EBB).
