customer_id,account_id,adjustment_id,adjustment_type,amount,currency,reason,related_incident_id,issued_date,status
CUST-2001,ACC-2001,ADJ-GEN-DC652D,SLA_CREDIT,24.54,USD,Pro-rated SLA credit for the outage window above,SD-GEN-D02637,2026-08-30,ISSUED
CUST-9072,ACC-9072,ADJ-GEN-49AF7D,SLA_CREDIT,14.53,USD,Pro-rated SLA credit for the outage window above,SD-GEN-CEF1A5,2026-09-02,ISSUED
CUST-4797,ACC-4797,ADJ-GEN-9EF9F5,SLA_CREDIT,12.92,USD,Pro-rated SLA credit for the outage window above,SD-GEN-B496B4,2026-08-29,ISSUED
CUST-6462,ACC-6462,ADJ-GEN-7C8863,SLA_CREDIT,16.66,USD,Pro-rated SLA credit for the outage window above,SD-GEN-1DEE89,2026-08-28,ISSUED
CUST-3715,ACC-3715,ADJ-GEN-F0E5FF,SLA_CREDIT,11.05,USD,Pro-rated SLA credit for the outage window above,SD-GEN-18806A,2026-09-01,ISSUED
CUST-9600,ACC-9600,ADJ-GEN-F0E552,SLA_CREDIT,19.73,USD,Pro-rated SLA credit for the outage window above,SD-GEN-60AD58,2026-09-06,ISSUED
CUST-7595,ACC-7595,ADJ-GEN-37FCB9,SLA_CREDIT,11.34,USD,Pro-rated SLA credit for the outage window above,SD-GEN-E51327,2026-09-14,ISSUED
CUST-9682,ACC-9682,ADJ-GEN-D7302F,SLA_CREDIT,17.61,USD,Pro-rated SLA credit for the outage window above,SD-GEN-660760,2026-09-10,ISSUED
CUST-2504,ACC-2504,ADJ-GEN-481C57,SLA_CREDIT,6.34,USD,Pro-rated SLA credit for the outage window above,SD-GEN-334196,2026-08-30,ISSUED
CUST-2803,ACC-2803,ADJ-GEN-EBE2B6,SLA_CREDIT,12.08,USD,Pro-rated SLA credit for the outage window above,SD-GEN-687F49,2026-08-31,ISSUED
CUST-2613,ACC-2613,ADJ-GEN-C63F4D,SLA_CREDIT,22.71,USD,Pro-rated SLA credit for the outage window above,SD-GEN-74679A,2026-09-08,ISSUED
CUST-8373,ACC-8373,ADJ-GEN-CCDAEC,SLA_CREDIT,22.91,USD,Pro-rated SLA credit for the outage window above,SD-GEN-2EF63C,2026-09-06,ISSUED
CUST-2981,ACC-2981,ADJ-GEN-FE2E97,SLA_CREDIT,24.9,USD,Pro-rated SLA credit for the outage window above,SD-GEN-2FBAD1,2026-09-18,ISSUED
CUST-6496,ACC-6496,ADJ-GEN-CE58AE,SLA_CREDIT,11.65,USD,Pro-rated SLA credit for the outage window above,SD-GEN-17E4A1,2026-09-12,ISSUED
CUST-9082,ACC-9082,ADJ-GEN-EB5A71,SLA_CREDIT,19.44,USD,Pro-rated SLA credit for the outage window above,SD-GEN-BE34BC,2026-09-08,ISSUED
CUST-2343,ACC-2343,ADJ-GEN-381FCD,SLA_CREDIT,22.77,USD,Pro-rated SLA credit for the outage window above,SD-GEN-13A8A1,2026-08-29,ISSUED
CUST-4440,ACC-4440,ADJ-GEN-7B6AF4,SLA_CREDIT,10.4,USD,Pro-rated SLA credit for the outage window above,SD-GEN-414086,2026-09-05,ISSUED
CUST-9950,ACC-9950,ADJ-GEN-64A733,SLA_CREDIT,18.73,USD,Pro-rated SLA credit for the outage window above,SD-GEN-2980A0,2026-09-03,ISSUED
CUST-5436,ACC-5436,ADJ-GEN-ECA5C8,SLA_CREDIT,27.14,USD,Pro-rated SLA credit for the outage window above,SD-GEN-25C849,2026-09-04,ISSUED
CUST-3724,ACC-3724,ADJ-GEN-A3AB2E,SLA_CREDIT,21.99,USD,Pro-rated SLA credit for the outage window above,SD-GEN-9E9913,2026-09-02,ISSUED
CUST-9353,ACC-9353,ADJ-GEN-4258BF,SLA_CREDIT,5.56,USD,Pro-rated SLA credit for the outage window above,SD-GEN-AC7DD4,2026-09-03,ISSUED
CUST-3352,ACC-3352,ADJ-GEN-487D0E,SLA_CREDIT,12.57,USD,Pro-rated SLA credit for the outage window above,SD-GEN-76B3BF,2026-09-09,ISSUED
CUST-9795,ACC-9795,ADJ-GEN-83DC10,SLA_CREDIT,12.16,USD,Pro-rated SLA credit for the outage window above,SD-GEN-BA549C,2026-08-31,ISSUED
CUST-4743,ACC-4743,ADJ-GEN-D25B56,SLA_CREDIT,13.5,USD,Pro-rated SLA credit for the outage window above,SD-GEN-2306F2,2026-09-14,ISSUED
CUST-7556,ACC-7556,ADJ-GEN-16F735,SLA_CREDIT,10.3,USD,Pro-rated SLA credit for the outage window above,SD-GEN-2C229D,2026-09-03,ISSUED
CUST-5498,ACC-5498,ADJ-GEN-296AB1,SLA_CREDIT,15.96,USD,Pro-rated SLA credit for the outage window above,SD-GEN-48D900,2026-09-09,ISSUED
CUST-9514,ACC-9514,ADJ-GEN-3615DD,SLA_CREDIT,20.94,USD,Pro-rated SLA credit for the outage window above,SD-GEN-802A49,2026-09-12,ISSUED
CUST-4561,ACC-4561,ADJ-GEN-8FD2D6,SLA_CREDIT,22.2,USD,Pro-rated SLA credit for the outage window above,SD-GEN-4FF8AC,2026-09-03,ISSUED
CUST-7289,ACC-7289,ADJ-GEN-F22280,SLA_CREDIT,14.33,USD,Pro-rated SLA credit for the outage window above,SD-GEN-13E90A,2026-09-14,ISSUED
CUST-7153,ACC-7153,ADJ-GEN-81F438,SLA_CREDIT,13.06,USD,Pro-rated SLA credit for the outage window above,SD-GEN-73E5C7,2026-09-06,ISSUED
CUST-9059,ACC-9059,ADJ-GEN-BC6BD0,SLA_CREDIT,19.84,USD,Pro-rated SLA credit for the outage window above,SD-GEN-506C17,2026-09-09,ISSUED
CUST-5505,ACC-5505,ADJ-GEN-6940E2,SLA_CREDIT,24.32,USD,Pro-rated SLA credit for the outage window above,SD-GEN-DB9A18,2026-09-14,ISSUED
CUST-4948,ACC-4948,ADJ-GEN-620B5E,SLA_CREDIT,28.4,USD,Pro-rated SLA credit for the outage window above,SD-GEN-96B328,2026-08-27,ISSUED
CUST-3308,ACC-3308,ADJ-GEN-A3139D,SLA_CREDIT,14.6,USD,Pro-rated SLA credit for the outage window above,SD-GEN-B03B7C,2026-09-16,ISSUED
CUST-5731,ACC-5731,ADJ-GEN-3116AF,SLA_CREDIT,9.09,USD,Pro-rated SLA credit for the outage window above,SD-GEN-A07CBC,2026-09-03,ISSUED
CUST-2467,ACC-2467,ADJ-GEN-B79131,SLA_CREDIT,11.06,USD,Pro-rated SLA credit for the outage window above,SD-GEN-B07B6D,2026-08-30,ISSUED
CUST-9373,ACC-9373,ADJ-GEN-2565A8,SLA_CREDIT,15.87,USD,Pro-rated SLA credit for the outage window above,SD-GEN-08CFE5,2026-09-01,ISSUED
CUST-2418,ACC-2418,ADJ-GEN-223723,SLA_CREDIT,22.97,USD,Pro-rated SLA credit for the outage window above,SD-GEN-62C5D0,2026-09-04,ISSUED
CUST-3878,ACC-3878,ADJ-GEN-D87BB8,SLA_CREDIT,17.53,USD,Pro-rated SLA credit for the outage window above,SD-GEN-895DB3,2026-09-13,ISSUED
CUST-2689,ACC-2689,ADJ-GEN-053737,SLA_CREDIT,19.05,USD,Pro-rated SLA credit for the outage window above,SD-GEN-67A81C,2026-09-07,ISSUED
CUST-5519,ACC-5519,ADJ-GEN-67618D,SLA_CREDIT,8.33,USD,Pro-rated SLA credit for the outage window above,SD-GEN-5FCD5E,2026-09-07,ISSUED
CUST-3637,ACC-3637,ADJ-GEN-0320B0,SLA_CREDIT,28.9,USD,Pro-rated SLA credit for the outage window above,SD-GEN-4EFFAC,2026-09-07,ISSUED
CUST-9835,ACC-9835,ADJ-GEN-BF9A36,SLA_CREDIT,25.62,USD,Pro-rated SLA credit for the outage window above,SD-GEN-2859DD,2026-09-13,ISSUED
CUST-9861,ACC-9861,ADJ-GEN-C398D6,SLA_CREDIT,21.52,USD,Pro-rated SLA credit for the outage window above,SD-GEN-C6C113,2026-08-28,ISSUED
CUST-3051,ACC-3051,ADJ-GEN-183D62,SLA_CREDIT,29.8,USD,Pro-rated SLA credit for the outage window above,SD-GEN-71F6C7,2026-09-03,ISSUED
CUST-5264,ACC-5264,ADJ-GEN-CA691C,SLA_CREDIT,7.8,USD,Pro-rated SLA credit for the outage window above,SD-GEN-462C82,2026-08-27,ISSUED
CUST-7257,ACC-7257,ADJ-GEN-529988,SLA_CREDIT,21.1,USD,Pro-rated SLA credit for the outage window above,SD-GEN-6F83C3,2026-08-31,ISSUED
CUST-3149,ACC-3149,ADJ-GEN-3F762C,SLA_CREDIT,6.32,USD,Pro-rated SLA credit for the outage window above,SD-GEN-C92F9F,2026-09-13,ISSUED
CUST-5847,ACC-5847,ADJ-GEN-41341C,SLA_CREDIT,13.86,USD,Pro-rated SLA credit for the outage window above,SD-GEN-E80FA2,2026-09-11,ISSUED
CUST-4820,ACC-4820,ADJ-GEN-79B539,SLA_CREDIT,28.79,USD,Pro-rated SLA credit for the outage window above,SD-GEN-B7AFC2,2026-09-11,ISSUED
CUST-4907,ACC-4907,ADJ-GEN-DBB676,SLA_CREDIT,24.96,USD,Pro-rated SLA credit for the outage window above,SD-GEN-A3726C,2026-08-27,ISSUED
CUST-6321,ACC-6321,ADJ-GEN-D8AFE7,SLA_CREDIT,24.71,USD,Pro-rated SLA credit for the outage window above,SD-GEN-26F52B,2026-09-06,ISSUED
CUST-3240,ACC-3240,ADJ-GEN-18AF19,SLA_CREDIT,21.55,USD,Pro-rated SLA credit for the outage window above,SD-GEN-A91F19,2026-09-11,ISSUED
CUST-3662,ACC-3662,ADJ-GEN-563F52,SLA_CREDIT,15.08,USD,Pro-rated SLA credit for the outage window above,SD-GEN-DF3AD1,2026-09-17,ISSUED
CUST-2188,ACC-2188,ADJ-GEN-C54EE8,SLA_CREDIT,15.14,USD,Pro-rated SLA credit for the outage window above,SD-GEN-7D2AA8,2026-09-09,ISSUED
CUST-5140,ACC-5140,ADJ-GEN-63AE70,SLA_CREDIT,27.24,USD,Pro-rated SLA credit for the outage window above,SD-GEN-BA7E57,2026-08-30,ISSUED
CUST-8886,ACC-8886,ADJ-GEN-44BA32,SLA_CREDIT,15.94,USD,Pro-rated SLA credit for the outage window above,SD-GEN-769630,2026-08-29,ISSUED
CUST-2990,ACC-2990,ADJ-GEN-51B49B,SLA_CREDIT,10.31,USD,Pro-rated SLA credit for the outage window above,SD-GEN-997FE9,2026-09-19,ISSUED
CUST-6911,ACC-6911,ADJ-GEN-ADAD9C,SLA_CREDIT,23.48,USD,Pro-rated SLA credit for the outage window above,SD-GEN-9944A6,2026-09-13,ISSUED
CUST-2508,ACC-2508,ADJ-GEN-8A6329,SLA_CREDIT,12.04,USD,Pro-rated SLA credit for the outage window above,SD-GEN-0C62C0,2026-08-28,ISSUED
CUST-8894,ACC-8894,ADJ-GEN-9671FE,SLA_CREDIT,15.64,USD,Pro-rated SLA credit for the outage window above,SD-GEN-185370,2026-08-31,ISSUED
CUST-5906,ACC-5906,ADJ-GEN-881219,SLA_CREDIT,29.51,USD,Pro-rated SLA credit for the outage window above,SD-GEN-27EB8C,2026-09-10,ISSUED
CUST-9865,ACC-9865,ADJ-GEN-1C5032,SLA_CREDIT,25.21,USD,Pro-rated SLA credit for the outage window above,SD-GEN-1C9F82,2026-09-13,ISSUED
CUST-8028,ACC-8028,ADJ-GEN-3CAC9D,SLA_CREDIT,6.43,USD,Pro-rated SLA credit for the outage window above,SD-GEN-C6545B,2026-09-04,ISSUED
CUST-2861,ACC-2861,ADJ-GEN-D82657,SLA_CREDIT,11.09,USD,Pro-rated SLA credit for the outage window above,SD-GEN-9B8E8A,2026-09-02,ISSUED
CUST-6272,ACC-6272,ADJ-GEN-36B896,SLA_CREDIT,8.3,USD,Pro-rated SLA credit for the outage window above,SD-GEN-26ADE5,2026-09-03,ISSUED
CUST-7943,ACC-7943,ADJ-GEN-10F16B,SLA_CREDIT,20.77,USD,Pro-rated SLA credit for the outage window above,SD-GEN-B35BA5,2026-09-15,ISSUED
CUST-4257,ACC-4257,ADJ-GEN-0DEF20,SLA_CREDIT,29.8,USD,Pro-rated SLA credit for the outage window above,SD-GEN-E8BF83,2026-09-12,ISSUED
CUST-4891,ACC-4891,ADJ-GEN-924CED,SLA_CREDIT,16.26,USD,Pro-rated SLA credit for the outage window above,SD-GEN-59BAA7,2026-09-05,ISSUED
CUST-4632,ACC-4632,ADJ-GEN-6DBA94,SLA_CREDIT,7.2,USD,Pro-rated SLA credit for the outage window above,SD-GEN-AF529D,2026-08-30,ISSUED
CUST-2807,ACC-2807,ADJ-GEN-0DBD13,SLA_CREDIT,15.45,USD,Pro-rated SLA credit for the outage window above,SD-GEN-7E944B,2026-09-01,ISSUED
CUST-5881,ACC-5881,ADJ-GEN-313949,SLA_CREDIT,23.07,USD,Pro-rated SLA credit for the outage window above,SD-GEN-BD2162,2026-09-12,ISSUED
CUST-3179,ACC-3179,ADJ-GEN-4F7B0C,SLA_CREDIT,9.55,USD,Pro-rated SLA credit for the outage window above,SD-GEN-435CC8,2026-09-13,ISSUED
CUST-2552,ACC-2552,ADJ-GEN-47F040,SLA_CREDIT,21.33,USD,Pro-rated SLA credit for the outage window above,SD-GEN-311D1A,2026-08-29,ISSUED
CUST-7971,ACC-7971,ADJ-GEN-65BB21,SLA_CREDIT,23.22,USD,Pro-rated SLA credit for the outage window above,SD-GEN-E9DFCF,2026-09-15,ISSUED
CUST-4000,ACC-4000,ADJ-GEN-248065,SLA_CREDIT,16.95,USD,Pro-rated SLA credit for the outage window above,SD-GEN-CD76FD,2026-09-15,ISSUED
CUST-3051,ACC-3051,ADJ-GEN-110AD2,SLA_CREDIT,9.22,USD,Pro-rated SLA credit for the outage window above,SD-GEN-C60B93,2026-09-10,ISSUED
CUST-5321,ACC-5321,ADJ-GEN-98F291,SLA_CREDIT,24.39,USD,Pro-rated SLA credit for the outage window above,SD-GEN-988AAC,2026-08-29,ISSUED
CUST-4594,ACC-4594,ADJ-GEN-3230E5,SLA_CREDIT,23.09,USD,Pro-rated SLA credit for the outage window above,SD-GEN-42A64A,2026-08-30,ISSUED
CUST-6605,ACC-6605,ADJ-GEN-D0E6D0,SLA_CREDIT,15.04,USD,Pro-rated SLA credit for the outage window above,SD-GEN-126048,2026-09-14,ISSUED
CUST-7003,ACC-7003,ADJ-GEN-0BCC5A,SLA_CREDIT,15.62,USD,Pro-rated SLA credit for the outage window above,SD-GEN-0F5493,2026-09-08,ISSUED
CUST-9958,ACC-9958,ADJ-GEN-51CA2E,SLA_CREDIT,11.97,USD,Pro-rated SLA credit for the outage window above,SD-GEN-6D91B5,2026-09-08,ISSUED
CUST-5938,ACC-5938,ADJ-GEN-C59C5E,SLA_CREDIT,24.59,USD,Pro-rated SLA credit for the outage window above,SD-GEN-5C4E38,2026-09-10,ISSUED
CUST-6734,ACC-6734,ADJ-GEN-82A79F,SLA_CREDIT,21.63,USD,Pro-rated SLA credit for the outage window above,SD-GEN-FCE475,2026-09-05,ISSUED
CUST-4361,ACC-4361,ADJ-GEN-697889,SLA_CREDIT,12.61,USD,Pro-rated SLA credit for the outage window above,SD-GEN-BEFD8B,2026-09-15,ISSUED
CUST-2160,ACC-2160,ADJ-GEN-6DD15F,SLA_CREDIT,12.18,USD,Pro-rated SLA credit for the outage window above,SD-GEN-E675F8,2026-08-29,ISSUED
CUST-2557,ACC-2557,ADJ-GEN-5D7FB5,SLA_CREDIT,6.7,USD,Pro-rated SLA credit for the outage window above,SD-GEN-36339E,2026-09-03,ISSUED
CUST-4533,ACC-4533,ADJ-GEN-8FB4D1,SLA_CREDIT,22.99,USD,Pro-rated SLA credit for the outage window above,SD-GEN-D39AE4,2026-09-07,ISSUED
CUST-4368,ACC-4368,ADJ-GEN-2914E5,SLA_CREDIT,26.92,USD,Pro-rated SLA credit for the outage window above,SD-GEN-79DFD7,2026-08-31,ISSUED
CUST-4905,ACC-4905,ADJ-GEN-B93A75,SLA_CREDIT,22.3,USD,Pro-rated SLA credit for the outage window above,SD-GEN-128800,2026-09-13,ISSUED
CUST-2490,ACC-2490,ADJ-GEN-295216,SLA_CREDIT,28.55,USD,Pro-rated SLA credit for the outage window above,SD-GEN-903FC9,2026-09-13,ISSUED
CUST-7119,ACC-7119,ADJ-GEN-80E8D7,SLA_CREDIT,19.66,USD,Pro-rated SLA credit for the outage window above,SD-GEN-872CC7,2026-09-02,ISSUED
CUST-2756,ACC-2756,ADJ-GEN-EC1638,SLA_CREDIT,14.41,USD,Pro-rated SLA credit for the outage window above,SD-GEN-70E764,2026-09-05,ISSUED
CUST-9499,ACC-9499,ADJ-GEN-920B8A,SLA_CREDIT,19.48,USD,Pro-rated SLA credit for the outage window above,SD-GEN-2CB8F9,2026-09-15,ISSUED
CUST-4377,ACC-4377,ADJ-GEN-749D1F,SLA_CREDIT,13.84,USD,Pro-rated SLA credit for the outage window above,SD-GEN-E9D2BE,2026-09-05,ISSUED
CUST-8728,ACC-8728,ADJ-GEN-103CAF,SLA_CREDIT,12.62,USD,Pro-rated SLA credit for the outage window above,SD-GEN-B3040B,2026-09-19,ISSUED
CUST-3372,ACC-3372,ADJ-GEN-89BA10,SLA_CREDIT,29.74,USD,Pro-rated SLA credit for the outage window above,SD-GEN-B22368,2026-08-30,ISSUED
CUST-9022,ACC-9022,ADJ-GEN-C2CECA,SLA_CREDIT,15.16,USD,Pro-rated SLA credit for the outage window above,SD-GEN-2D0AF8,2026-09-12,ISSUED
CUST-7178,ACC-7178,ADJ-GEN-F5426B,SLA_CREDIT,17.56,USD,Pro-rated SLA credit for the outage window above,SD-GEN-01793E,2026-09-15,ISSUED
CUST-8802,ACC-8802,ADJ-GEN-8EFA6B,SLA_CREDIT,15.55,USD,Pro-rated SLA credit for the outage window above,SD-GEN-479376,2026-09-11,ISSUED
CUST-6681,ACC-6681,ADJ-GEN-0FB66B,SLA_CREDIT,19.66,USD,Pro-rated SLA credit for the outage window above,SD-GEN-76EC5C,2026-09-08,ISSUED
CUST-4099,ACC-4099,ADJ-GEN-25D1BA,SLA_CREDIT,17.85,USD,Pro-rated SLA credit for the outage window above,SD-GEN-3A7EB9,2026-09-15,ISSUED
CUST-6235,ACC-6235,ADJ-GEN-6715BF,SLA_CREDIT,21.21,USD,Pro-rated SLA credit for the outage window above,SD-GEN-750010,2026-09-13,ISSUED
CUST-8888,ACC-8888,ADJ-GEN-138C9A,SLA_CREDIT,28.63,USD,Pro-rated SLA credit for the outage window above,SD-GEN-DFD3FB,2026-09-05,ISSUED
CUST-4909,ACC-4909,ADJ-GEN-922729,SLA_CREDIT,18.54,USD,Pro-rated SLA credit for the outage window above,SD-GEN-6DE8DB,2026-09-17,ISSUED
CUST-3978,ACC-3978,ADJ-GEN-94EBB5,SLA_CREDIT,7.11,USD,Pro-rated SLA credit for the outage window above,SD-GEN-2B18F0,2026-09-10,ISSUED
CUST-3382,ACC-3382,ADJ-GEN-C5CB1B,SLA_CREDIT,23.63,USD,Pro-rated SLA credit for the outage window above,SD-GEN-EDC1E3,2026-09-16,ISSUED
CUST-7309,ACC-7309,ADJ-GEN-90ED41,SLA_CREDIT,28.76,USD,Pro-rated SLA credit for the outage window above,SD-GEN-C68471,2026-09-10,ISSUED
CUST-5058,ACC-5058,ADJ-GEN-741C75,SLA_CREDIT,22.86,USD,Pro-rated SLA credit for the outage window above,SD-GEN-1E9F46,2026-09-01,ISSUED
CUST-7506,ACC-7506,ADJ-GEN-6E0723,SLA_CREDIT,28.97,USD,Pro-rated SLA credit for the outage window above,SD-GEN-93D777,2026-08-29,ISSUED
CUST-5616,ACC-5616,ADJ-GEN-EAAAC8,SLA_CREDIT,23.58,USD,Pro-rated SLA credit for the outage window above,SD-GEN-FC8F20,2026-09-17,ISSUED
CUST-6736,ACC-6736,ADJ-GEN-5B543A,SLA_CREDIT,9.71,USD,Pro-rated SLA credit for the outage window above,SD-GEN-874516,2026-09-08,ISSUED
CUST-4319,ACC-4319,ADJ-GEN-76F937,SLA_CREDIT,11.53,USD,Pro-rated SLA credit for the outage window above,SD-GEN-E0822D,2026-08-31,ISSUED
CUST-2919,ACC-2919,ADJ-GEN-A917F2,SLA_CREDIT,10.01,USD,Pro-rated SLA credit for the outage window above,SD-GEN-D56AB1,2026-08-29,ISSUED
CUST-5059,ACC-5059,ADJ-GEN-9F85D3,SLA_CREDIT,10.17,USD,Pro-rated SLA credit for the outage window above,SD-GEN-1F9CFE,2026-09-15,ISSUED
CUST-3075,ACC-3075,ADJ-GEN-BF82F1,SLA_CREDIT,25.33,USD,Pro-rated SLA credit for the outage window above,SD-GEN-414E27,2026-09-04,ISSUED
CUST-7228,ACC-7228,ADJ-GEN-A19B2D,SLA_CREDIT,29.28,USD,Pro-rated SLA credit for the outage window above,SD-GEN-E3CD2B,2026-08-31,ISSUED
CUST-4493,ACC-4493,ADJ-GEN-63BE99,SLA_CREDIT,27.77,USD,Pro-rated SLA credit for the outage window above,SD-GEN-3CD807,2026-09-16,ISSUED
CUST-5831,ACC-5831,ADJ-GEN-797A4B,SLA_CREDIT,5.18,USD,Pro-rated SLA credit for the outage window above,SD-GEN-6FA626,2026-08-29,ISSUED
CUST-9042,ACC-9042,ADJ-GEN-EC8DDE,SLA_CREDIT,22.63,USD,Pro-rated SLA credit for the outage window above,SD-GEN-0912EC,2026-09-04,ISSUED
CUST-3969,ACC-3969,ADJ-GEN-9A0699,SLA_CREDIT,22.86,USD,Pro-rated SLA credit for the outage window above,SD-GEN-A537D8,2026-09-16,ISSUED
CUST-2038,ACC-2038,ADJ-GEN-89ECBB,SLA_CREDIT,20.63,USD,Pro-rated SLA credit for the outage window above,SD-GEN-DEC6CB,2026-09-05,ISSUED
CUST-9361,ACC-9361,ADJ-GEN-5A8236,SLA_CREDIT,29.51,USD,Pro-rated SLA credit for the outage window above,SD-GEN-C29447,2026-09-05,ISSUED
CUST-5147,ACC-5147,ADJ-GEN-1F7D75,SLA_CREDIT,8.6,USD,Pro-rated SLA credit for the outage window above,SD-GEN-934D2D,2026-09-04,ISSUED
CUST-6461,ACC-6461,ADJ-GEN-8B5976,SLA_CREDIT,7.99,USD,Pro-rated SLA credit for the outage window above,SD-GEN-C7C05E,2026-09-04,ISSUED
CUST-9615,ACC-9615,ADJ-GEN-07DDB0,SLA_CREDIT,9.65,USD,Pro-rated SLA credit for the outage window above,SD-GEN-948BEE,2026-09-10,ISSUED
CUST-3144,ACC-3144,ADJ-GEN-516FE6,SLA_CREDIT,11.79,USD,Pro-rated SLA credit for the outage window above,SD-GEN-72E123,2026-08-28,ISSUED
CUST-2439,ACC-2439,ADJ-GEN-1CE8C2,SLA_CREDIT,17.7,USD,Pro-rated SLA credit for the outage window above,SD-GEN-E14B65,2026-09-05,ISSUED
CUST-7423,ACC-7423,ADJ-GEN-E81D1A,SLA_CREDIT,6.05,USD,Pro-rated SLA credit for the outage window above,SD-GEN-52A964,2026-09-07,ISSUED
CUST-5722,ACC-5722,ADJ-GEN-CE6CA0,SLA_CREDIT,19.21,USD,Pro-rated SLA credit for the outage window above,SD-GEN-58F6FA,2026-08-31,ISSUED
CUST-2425,ACC-2425,ADJ-GEN-4AF8FA,SLA_CREDIT,21.99,USD,Pro-rated SLA credit for the outage window above,SD-GEN-59B5AE,2026-09-08,ISSUED
CUST-2757,ACC-2757,ADJ-GEN-24E949,SLA_CREDIT,20.78,USD,Pro-rated SLA credit for the outage window above,SD-GEN-2C30D2,2026-09-04,ISSUED
CUST-8824,ACC-8824,ADJ-GEN-EDED5B,SLA_CREDIT,6.77,USD,Pro-rated SLA credit for the outage window above,SD-GEN-30A5CD,2026-09-13,ISSUED
CUST-8110,ACC-8110,ADJ-GEN-E69F7A,SLA_CREDIT,7.12,USD,Pro-rated SLA credit for the outage window above,SD-GEN-6A2B39,2026-09-13,ISSUED
CUST-9869,ACC-9869,ADJ-GEN-76D14A,SLA_CREDIT,22.0,USD,Pro-rated SLA credit for the outage window above,SD-GEN-3921DA,2026-09-17,ISSUED
CUST-9474,ACC-9474,ADJ-GEN-636043,SLA_CREDIT,12.5,USD,Pro-rated SLA credit for the outage window above,SD-GEN-1955B9,2026-09-01,ISSUED
CUST-6976,ACC-6976,ADJ-GEN-982FDA,SLA_CREDIT,27.33,USD,Pro-rated SLA credit for the outage window above,SD-GEN-0FDD06,2026-09-04,ISSUED
CUST-4604,ACC-4604,ADJ-GEN-55772A,SLA_CREDIT,22.32,USD,Pro-rated SLA credit for the outage window above,SD-GEN-889A70,2026-09-10,ISSUED
CUST-2666,ACC-2666,ADJ-GEN-C83EB9,SLA_CREDIT,13.35,USD,Pro-rated SLA credit for the outage window above,SD-GEN-997814,2026-08-30,ISSUED
CUST-6512,ACC-6512,ADJ-GEN-D76546,SLA_CREDIT,6.91,USD,Pro-rated SLA credit for the outage window above,SD-GEN-EE96CE,2026-09-05,ISSUED
CUST-2370,ACC-2370,ADJ-GEN-BF0017,SLA_CREDIT,14.37,USD,Pro-rated SLA credit for the outage window above,SD-GEN-985E72,2026-08-27,ISSUED
CUST-3464,ACC-3464,ADJ-GEN-D240B4,SLA_CREDIT,7.36,USD,Pro-rated SLA credit for the outage window above,SD-GEN-43E56D,2026-09-14,ISSUED
CUST-8866,ACC-8866,ADJ-GEN-4CF5C7,SLA_CREDIT,23.41,USD,Pro-rated SLA credit for the outage window above,SD-GEN-91ECC1,2026-08-27,ISSUED
